Next,Next
Previous,Previous
Exit,Return
DescPhone,Use your smart phone to take pictures or call your friends.
DescHandcuffs,Supplied by the college to restrain troublesome students.
DescCrop,A tool to enforce your autorithy or spice up your sex life.
DescPaddle,Not that great on a canoe but can change a butt color.
DescWhip,"When a problem comes along you must whip it, whip it good."
DescStrapon,Kinky underwear to push your relationships deeper.
DescPanelGag,"Locked silence, can be opened to ease breathing or more."
DescBallgag,Strap it a little tighter for adorable mumbles.
DescHeadset,"Excellent surround music, cancels all other sounds."
DescDildo,A vibrating plug that can be remotely activated.
DescRope,Sturdy red hemp ropes that embraces the curves.
DescChastityBelt,Strong steel to secure your most precious possession.
DescPuppyMittens,"Padded, cute and unavailable in your local petshop."
