Entry,Intro1,,,,,,,None,SamEnterPompous,
Intro1,Intro2,,(A red-haired student enters the detention room with a pompous look.),,"CharacterAdd(""Sam"")",,,,,
Intro2,Intro3,,(She looks at you and sighs to herself.)  How bloody low have I sunk?,,,,,,,
Intro3,,,"You've certainly heard of me, I'm Samriddhi, second daughter of Maharaja Suhungmung.",,,,,Sam,,
Intro3,Intro4,I'm PlayerName.,(She nods.),,,,,,SamEnterTalk,
Intro3,Intro4,"Yes, I've heard about you.  I'm PlayerName.",(She smiles and nods.)  Perfect.,,,1,,,SamEnterSmile,
Intro3,Intro4,My name is PlayerName.  I'm a new teacher here.,They now send the lambs to the slaughterhouse.,,,,-1,,SamEnterPompous,
Intro3,Intro4,Address me as Miss PlayerName.,(She pouts.)  We'll see about that.,,,,1,,SamEnterTalk,
Intro3,Intro4,"It's an honor, your highness.  I'm PlayerName.",(She grins.)  You seem to have good education.,,,1,-1,,SamEnterPompous,
Intro3,Intro4,What?  Who?  I'm PlayerName.,Aren't you clueless?  I'll repeat again: Father is Maharaja Suhungmung.,,,-1,,,SamEnterAngry,
Intro4,Intro5A,,"Since my name is too complicated for commoners, you can call me Sam.",,"DialogVariableSet(""StudyTalk"", ""No"")",,,,,
Intro5A,Intro5B,,I grow tired of peasants that are unable to spell bloody syllables.,,"DialogVariableSet(""StudyEnd"", ""No"")",,,,,
Intro5B,Intro5C,,"In my country, Samriddhi means wealth and prosperity.",,,,,,,
Intro5B,Intro5C,InventoryDialogPhone,(She gets more confident as you take a picture.)  I've had paparazzis before.,,PictureAdd(),1,-1,,,
Intro5C,Intro5D,,"Father owns a conglomerate of companies, which I will inherit.",,,,,,,
Intro5D,Intro6,,He earns more money in an hour than you in a year.,,,,,,,
Intro6,,,I should not be here.  Royalty does not go to detention.,,,,,,,
Intro6,Intro7,Every bad student must go to detention.,(She gets angry.)  How dare you?  I'm not a bad student.,,DialogChangeGrades(-1),-1,1,,SamEnterAngry,
Intro6,Intro7,What happened?,Let me explain.,,,,,,SamEnterTalk,
Intro6,Intro7,Please tell me your story.,(She makes a pompous pose.),,,,-1,,SamEnterPompous,
Intro6,Intro7,Maybe there was some confusion.,There certainly was.,,,1,,,SamEnterSmile,
Intro6,Intro7,I can judge if it was fair.,Justice is important.  I can plead my case.,,DialogChangeGrades(1),,1,,SamEnterTalk,
Intro7,Intro8,,I was in drama class with Teacher Julia.  She's such a buffoon.,,,,,,,
Intro8,Intro9,,We were preparing a bloody theater act.  An improvised play.,,,,,,,
Intro9,Intro10,,She gave roles to everyone and made sure I received the most humiliating one.,,,,,,,
Intro10,,,"I simply told her calmly, but firmly, that this was unacceptable.",,,,,,,
Intro10,Intro11,You were correct to stand your ground.,Absolutely!  And I shall do it again.,,,1,-1,,SamEnterSmile,
Intro10,Intro11,You should not argue with your teacher.,I know!  But she went way too far.,,DialogChangeGrades(1),,1,,SamEnterTalk,
Intro10,Intro11,Being firm is acceptable.,(She smirks and nods in agreement.),,,,-1,,SamEnterPompous,
Intro10,Intro11,Little princesses should not get mad.,(She fumes of rage.)  Do not call me a little princess!,,,-1,1,,SamEnterAngry,
Intro10,Intro11,What was the role?,You will not believe it.,,,,,,SamEnterTalk,
Intro10,Intro11,Julia takes her class too seriously.,I agree wholeheartedly.,,DialogChangeGrades(-1),1,,,SamEnterSmile,
Intro11,Intro12,,Julia wanted me to play a dog!  A low and servile animal!,,,,,,,
Intro12,,,A mutt!  Can you believe it?,,,,,,,
Intro12,Intro13,There's nothing wrong with that.  I love dogs.,Who cares if you like them or not?,,,-1,,,SamEnterTalk,
Intro12,Intro13,"Dogs are nice, they are loyal and obedient.","Being nice and servile might be good for you, not for me.",,,,-1,,SamEnterPompous,
Intro12,Intro13,I'm certain you would be a cute puppy.,(She blushes and shakes her head.)  This is not the point.,,,1,1,,SamEnterSmile,
Intro12,Intro13,Being a mutt would bring you down to earth.,(She pouts and grumbles.)  I can't believe you said that.,,,-1,1,,SamEnterAngry,
Intro13,Intro14,,I'm of royal descent.  I cannot play a bloody dog.  Never!,,,,,,,
Intro14,Intro15,,"I will own dogs and servants, not be one.",,,,,,,
Intro15,,,"Teacher PlayerName, a leader like you must understand that I'm right.",DialogDominationGreater(2),,,,,,
Intro15,,,"PlayerName, you must understand that I'm right.","DialogDominationBetween(-1, 1)",,,,,,
Intro15,,,"I'm right, but a servant like you cannot understand that.",DialogDominationLower(-2),,,,,,
Intro15,Intro16,I understand that you're a spoiled brat.,(She gets mad.)  That remark is unacceptable.,,,-1,1,,SamEnterAngry,
Intro15,Intro16,Having royal blood must be hard.,You could not bear the weight of my lineage.,,,,-1,,SamEnterPompous,
Intro15,Intro16,All students are equal here.,"Yeah, yeah, yeah.   Teacher Julia already told me that.",,DialogChangeGrades(1),,1,,SamEnterTalk,
Intro15,Intro16,You're right.,I'm glad we understand each other.,,,1,,,SamEnterSmile,
Intro15,Intro16,I don't understand your problem.,(She lowers her shoulders.)  This is hopeless.,,DialogChangeGrades(-1),-1,,,SamEnterTalk,
Intro16,Study1,,(She inspects the empty class.),,,,,,,
Study1,,,Where is my reserved desk?,,,,,,,
Study1,Study2,"The class is yours, your highness.",(She smiles proudly.)  I'll sit in front then.,,,,-1,,SamEnterPompous,
Study1,Study2,Sit in front.  (Point at a desk.),"(She nods rapidly.)  Alright, Teacher PlayerName.",,,,1,,SamEnterTalk,
Study1,Study2,There is sun for you in front.,What a pleasant idea.,,,1,,,SamEnterSmile,
Study1,Study2,Put your royal butt anywhere.,(She takes a deep breath and looks away from you.),,,-1,,,SamEnterAngry,
Study2,Study3,,,,,,,,SamSitFrontTalk,
Study3,Study4,,(She sits on the front desk by the window.),,,,,,,
Study4,Study5,,"I'm ready for the test on economics, but it won't hurt to review the material.",,,,,,,
Study5,Study6,,,,,,,,SamSitFrontStudy,
Study6,Study7,,(She starts to read as you return to your desk.),,,,,,,
Study6,Study7,InventoryDialogPhone,(You keep a picture of her before returning to your desk.),,PictureAdd(),,,,,
Study7,StudyClass,,,,,,,Teacher,TeacherClassroom,
StudyClass,,,(The classroom is empty except for Sam reading by the window.),,,,,Teacher,TeacherClassroom,
StudyClass,StudyClass,(Wait patiently.),(You look around and wait for something to happen.),,Wait(),,,,TeacherClassroom,Clock
StudyClass,StudyClass,(Play a game on your phone.),(You play a puzzle game on your phone as the clock ticks.  Sam looks away.),"!LogQuery(""Evelyn"", ""PhoneControl"")",PlayPhone(),,,,TeacherClassroomPhone,Clock
StudyClass,StudyClass,(Play a game on your phone.),"(A padlock appears on your phone, you can read: Games blocked by your phone administrator)","LogQuery(""Evelyn"", ""PhoneControl"")",,,,,TeacherClassroomPhone,Clock
StudyClass,StudySam1,(Check on Sam.),(You walk to Sam's desk.),"DialogVariableIs(""StudyEnd"", ""No"")",,,,,,
StudyClass,StudyClass,(Check on Sam.),(Sam is studying peacefully and ignoring you.),"!DialogVariableIs(""StudyEnd"", ""No"")",,,,,,
StudyClass,StudyCrop1,SecretDialog,,"!InventoryAvailable(""Crop"")",,400,500,400,300,
StudyClass,StudyNoCrop1,SecretDialog,,"InventoryAvailable(""Crop"")",,400,500,400,300,
StudyCrop1,StudyCrop2,,,,,,,,TeacherDeskCrop,
StudyCrop2,,,(There's a leather crop inside the teacher's desk.),,,,,,TeacherDeskCrop,
StudyCrop2,StudyNoCrop2,(Take the leather crop.),(You take the leather crop and keep it for yourself.),,"InventoryAdd(""Crop"")",,,,TeacherDeskEmpty,
StudyCrop2,StudyClass,(Leave it there.),(You leave the crop in the desk and return to the classroom.),,,,,,TeacherClassroom,
StudyNoCrop1,StudyNoCrop2,,,,,,,,TeacherDeskEmpty,
StudyNoCrop2,,,(The teacher's desk is empty.),,,,,,TeacherDeskEmpty,
StudyNoCrop2,StudyCrop2,(Leave the crop in it.),(You put back the leather crop inside the desk.),,"InventoryDelete(""Crop"")",,,,TeacherDeskCrop,
StudyNoCrop2,StudyClass,(Inspect the classroom.),(The classroom is empty except for Sarah sitting by the window.),,,,,,TeacherClassroom,
StudySam1,StudySam2,,,,,,,Sam,SamSitFrontStudyBag,
StudySam2,StudySam3,,(Sam is reviewing her book on economics quietly.),,,,,,,
StudySam3,,,(What will you do?),,,,,Sam,SamSitFrontStudyBag,
StudySam3,StudySam4,"Excuse me, Samriddhi.",It seems that at least one person in this college can bloody spell.  Congratulations.,"DialogVariableIs(""StudyTalk"", ""No"")",,,-1,,,
StudySam3,StudySam4,We need to talk.,What do we bloody need to talk about?,"DialogVariableIs(""StudyTalk"", ""No"")",,,1,,,
StudySam3,StudySam4,Sam?,"PlayerName, what do you bloody want?","DialogVariableIs(""StudyTalk"", ""No"")",,,,,,
StudySam3,StudySam3,"Excuse me, Samriddhi.",(She ignores you.),"!DialogVariableIs(""StudyTalk"", ""No"")",,,,,,
StudySam3,StudySam3,We need to talk.,(She ignores you.),"!DialogVariableIs(""StudyTalk"", ""No"")",,,,,,
StudySam3,StudySam3,Sam?,(She ignores you.),"!DialogVariableIs(""StudyTalk"", ""No"")",,,,,,
StudySam3,StudyClass,(Return to your desk.),(You walk back to the front desk.),,,,,,,
StudySam3,Costume1,SecretDialog,,,,0,350,300,160,
StudySam4,StudySam5,,(She leaves her book and stares at you.),,"DialogVariableSet(""StudyTalk"", ""Yes"")",,,,SamSitFrontTalk,
StudySam5,,,Do you need anything?  I'd like to study alone in peace.,DialogLoveGreater(-2),,,,,,
StudySam5,,,I want to study alone in peace.,DialogLoveLower(-3),,,,,,
StudySam5,StudySam6,Can I help you with your test?,"(She sighs.)  Thanks, I'm fine, I know how to read.",,DialogChangeGrades(1),,,,,
StudySam5,StudySam6,"Making friends is important, I could help.","That's kind of you, but I don't need any bloody friend.",,DialogChangeGrades(-1),1,,,,
StudySam5,StudySam6,Forget it.  (Return to your desk.),(She rolls her eyes up.),,,-1,,,,
StudySam6,StudyClass,,(She starts to read again as you return to the front desk.),,,,,,SamSitFrontStudy,
Costume1,Costume2,,,,,,,Teacher,PuppyMittens,
Costume2,,,(You check into her bag.  You find some school furniture and puppy mittens.),,,,,,,
Costume2,Costume3,(Pull out the mittens.),(You pull out the paws as Sam stares at you.),,,,,,,
Costume2,StudySam3,(Leave it there.),(You leave the bag alone and return to Sam.),,,,,,,
Costume3,Costume4,,,,,,,Sam,SamSitFrontAngry,
Costume4,Costume5,,I might have packed this horrid costume piece by mistake when I left Julia's class.,,"DialogVariableSet(""StudyEnd"", ""Yes"")",,,,,
Costume5,Costume6,,(She stares at it in disgust.)  There is no bloody way I'm wearing it.,,,,,,,
Costume6,,,Isn't it hideous?  Of poor taste?,,,,,,,
Costume6,Costume7,"Julia is right, it would suit you well.",(She sighs and bows her head.)  It seems that you two think alike.,,,,1,,,
Costume6,Costume7,I think they are kind of cute.,(She shakes her head from left to right.)  You have very poor taste.,,,-1,,,,
Costume6,Costume7,These puppy paws are laughable.,(She smiles and nods.),,,1,,,,
Costume6,Costume7,I don't know.,(She doesn't seem impressed by your answer.),,,,-1,,,
Costume7,Costume8,,"Bring it back to Julia or keep it, I could not care less about this peasant costume.",,,,,,,
Costume8,Costume9,,(She gives you the puppy mittens and picks up her book.),,"InventoryAdd(""PuppyMittens"")",,,,SamSitFrontStudy,
Costume9,,,"Now, can I study in bloody peace?",,,,,,,
Costume9,Costume10,These mittens aren't too bad.  (Play with them.),(She laughs at you.)  Wear them then!  They are yours.,,,,-1,,SamSitFrontTalk,
Costume9,Costume10,Julia should have forced you to wear them.,(She stares at you.)  Forced me?  Are you serious?,,,,1,,SamSitFrontTalk,
Costume9,StudyClass,(Leave her to study.),(You walk back to the front desk.),,,,,,,
Costume10,,,(What will you do?),,,,,,,
Costume10,Dom1,(Try to put the mittens on her.),(She resists but you're able to put the costume piece on her.),DialogDominationGreater(3),,-1,1,,,
Costume10,Sub1,(Try to put the mittens on her.),(She quickly fights back and puts the costume piece on you.),DialogDominationLower(2),,-1,1,,,
Costume10,Sub1,(Wear the mittens.),(She laughs and stands up to help you wear the costume piece.),,,,-1,,,
Costume10,StudyClass,(Leave her to study.),(You walk back to the front desk.),,,,,,,
Costume10,Dom1,InventoryDialogPuppyMittens,(She resists but you're able to put the costume piece on her.),DialogDominationGreater(3),,-1,1,,,
Costume10,Sub1,InventoryDialogPuppyMittens,(She quickly fights back and puts the costume piece on you.),DialogDominationLower(2),,-1,1,,,
Dom1,Dom2,,,,,,,,SamMittensSitFrontAngry,
Dom2,Dom3,,(You strap the mittens tightly around her wrist as she struggles.),,,,,,,
Dom3,Dom4,,What bloody costume is that?  It's too tight!,,,,,,,
Dom4,Dom5,,"(She shakes the mittens violently, but nothing moves.)",,,,,,,
Dom4,Dom5,InventoryDialogPhone,(You quickly capture her struggles on your phone.),,PictureAdd(),,,,,
Dom5,,,I'm stuck!  Remove these horrid mittens at once!,,,,,,,
Dom5,Dom6,You're too adorable like that.,"(She seems to appreciate the comment.)  Thanks, but that's not the bloody point.",,DialogChangeGrades(-1),1,,,,
Dom5,Dom6,These mittens will be an educative tool.,(She looks at you curiously.)  I don't need a bloody educative tool.,,DialogChangeGrades(1),,1,,,
Dom5,Dom6,"Quiet down, puppy.",(She gets angrier.)  Do not address me as a bloody puppy.,,DialogChangeGrades(-1),-1,1,,,
Dom5,Dom6,What a spoiled bitch.,(She gets mad as hell.)  Never call me a bloody bitch!,,DialogChangeGrades(-1),-2,,,,
Dom5,StudyClass,"Fine, I'll let you study.  (Release her.)",(She grumbles as you release her and leave her to study.),,DialogChangeGrades(2),,-1,,SamSitFrontAngry,
Dom6,Dom7,,,,,,,Teacher,TeacherSamMittensSitFrontTalk,
Dom7,Dom8,,Teacher Julia was actually wise to select a puppy role for you.,,,,,,,
Dom8,Dom9,,"Dogs are loyal, humble, compassionate and don't care about status or wealth.",,,,,,,
Dom9,Dom10,,Being trained like a puppy will teach you a valuable lesson.,,,,,,,
Dom10,Dom11,,,,,,,Sam,SamMittensSitFrontStare,
Dom11,Dom12,,(She shakes the mittens but cannot remove them.),,,,,,,
Dom11,Dom12,InventoryDialogPhone,(You keep a souvenir of her futile struggles.),,PictureAdd(),,,,,
Dom12,,,You're not training me!  I have a test to prepare.,,,,,,,
Dom12,Dom13,You can study later.,(She shrugs.)  I guess I can find time later.,,DialogChangeGrades(-1),,,,,
Dom12,Dom13,Forget your silly test.,(She nods.)  I'll own Father's businesses anyway.,,DialogChangeGrades(-3),,,,,
Dom12,Dom13,This lesson will help you in college.,(She thinks out loud.)  You have strange teaching methods.,,DialogChangeGrades(1),,,,,
Dom12,StudyClass,"True, the test is more important.  (Release her.)",(She grumbles as you release her and leave her to study.),,DialogChangeGrades(2),,,,SamSitFrontAngry,
Dom13,Dom14,,This training is ridiculous.  I'm not a dog.  I'm only stuck in these bloody mittens.,,MiniGameParameterClear(),,,,,
Dom14,Dom15,,This is only the beginning.  I'll make you feel like a puppy.,,"MiniGameParameterSet(""FreeBondage"", ""EntryStage"", ""ElbowBound"")",,,Teacher,TeacherSamMittensSitFrontTalk,
Dom15,Dom16,,(You get closer to rearrange her hair.),,"MiniGameParameterSet(""InventoryHandcuffs"", ""Elbow"", ""true"")",,,,,
Dom16,Dom17A,,,,"MiniGameParameterSet(""InventoryPuppyMittens"", ""LeftHand"", ""true"")",,,Sam,SamPuppySitFrontBaffled,
Dom17A,Dom17B,,(You slowly undo her braid to create twin pigtails.),,"MiniGameParameterSet(""InventoryPuppyMittens"", ""RightHand"", ""true"")",,,,,
Dom17B,Dom18,,My braid!  No bloody peasant can touch my hair!,,,,,,,
Dom17B,Dom18,InventoryDialogPhone,(She grumbles as you save her new hairstyle on your phone.),,PictureAdd(),,,,,
Dom18,Dom19,,(She shakes her head rapidly.  The pigtails flap like dog ears but do not break.),,,,,,,
Dom19,,,I'll send you the hairdresser's bill.,,,,,,,
Dom19,Dom20,"Fine, I'll pay the bill.",(She laughs at you.)  You'll be broke soon.,,,,-1,,,
Dom19,Dom20,Your father cut your allowance?,(She shakes her head no.)  Do make jokes about that.,,,,1,,,
Dom19,Dom20,Email it to: idontcare.com,You're not making me laugh.,,,-1,,,,
Dom19,Dom20,You look good like that.,"You're sweet, but that braid is precious to me.",,,1,,,,
Dom19,Dom20,"Shush, puppy.",How dare you?,,,-1,1,,,
Dom19,Dom20,(Pet her head.),(She blushes and doesn't respond.),,,1,1,,,
Dom19,Dom24,InventoryDialogHandcuffs,(She jumps out of surprise as you swiftly cuff her elbows.),,,,2,,,
Dom20,Dom21,,,,,,,Teacher,TeacherSamPuppySitFrontTalk,
Dom21,Dom22,,You will be kept locked up as a puppy for your full detention.,,,,,,,
Dom22,Dom23,,"It will be embarrassing, but you will learn some respect and humility.",,,,,,,
Dom23,,,Locked up?  What do you mean?,,,,,Sam,,
Dom23,Dom24,"You know what it means, puppy.  (Cuff her.)",(She bows her head as you cuff her elbows tightly.),,,,1,,,
Dom23,Dom24,"Don't worry, it won't hurt.  (Cuff her.)",(She regains some confidence as you carefully cuff her elbows.),,,,,,,
Dom23,Dom24,A bitch should not ask question.  (Cuff her.),(She swears out loud as you cuff her elbows tightly.),,DialogChangeGrades(-1),-1,1,,,
Dom23,Dom24,(Grab her arms gently and cuff her.),(She does a little smile as you gently cuff her elbows.),,,1,1,,,
Dom23,Dom24,InventoryDialogHandcuffs,(You stay dead silent and swiftly cuff her elbows.),,,,2,,,
Dom24,Dom25A,,,,,,,Sam,SamPuppyElbowCuffedSitFrontBaffled,
Dom25A,Dom25B,,(She tugs hard against the steel but can barely move her arms.),,,,,,,
Dom25B,Dom26,,What the bloody hell?  It hurts!,,,,,,,
Dom25B,Dom26,InventoryDialogCrop,(You quickly whip her thigh as she complains.)  Why are you so mean?,,,,1,,,
Dom26,Dom27,,It only hurts because you're struggling.  Calm down and you will be fine.,,,,,Teacher,,
Dom27,Dom28,,"Come to the front of the class, puppy.  (You drag her up.)",,,,,,,
Dom28,Dom29,,,,,,,Sam,TeacherDeskSamPuppyElbowCuffedKneelClassFrontTalk,
Dom29,Dom30,,(You make her kneel next to your desk.),,,,,,,
Dom30,Dom31,,"This is a bloody outrage!  I'm rich and famous, I'm not a dog!",,"LogAdd(""Sam"", ""StudentPuppy"")",,,,,
Dom31,,,What if other students come in?,,,,,,,
Dom31,Dom32,Maybe they'll give you a treat.,"Ha, ha, ha.  (She rolls her eyes up and laughs sarcastically.)",,,-1,,,,
Dom31,Dom32,They will be jealous of my cute puppy.,(She sighs and nods slowly.),,,1,,,,
Dom31,Dom32,You will learn an even better lesson.,(She gulps and takes a deep breath.),,DialogChangeGrades(1),,1,,,
Dom31,Dom32,I'll release you if it happens.,You better!  (She nods rapidly.),,,,-1,,,
Dom32,Dom33,,,,,,,,SamPuppyElbowCuffedKneelClassFrontDisplay,
Dom33,Dom34,,(You keep her locked up on display in front of the class.),,,,,,,
Dom33,Dom34,InventoryDialogPhone,(She doesn't seem to appreciate that you save a memory of it.),,,-1,1,,,
Dom34,,,(What will you do?),,,,,,,
Dom34,Play1,(Play with her.),(You get closer with a smirk on your face.),,,,,,,
Dom34,Dom35,(Stay strict and wait patiently.),"(You stay silent and serious, keeping your eyes on her.)",,DialogChangeGrades(2),,,,,
Dom34,Dom35,(Browse your phone while you wait.),(You browse your phone while you wait as she sighs.),,DialogChangeGrades(-2),,,,,
Dom35,Dom36,,(The clock ticks and time goes by quickly.),,,,,,,
Dom36,DomEnd1,,"(After a while, the bell rings and you need to let her go.)",,,,,,,
Play1,Play2,,(She stares at you with wide eyes.),"!LogQuery(""FreeBondage"", ""TutorialDone"")",,,,,,
Play1,Play10,,(She stares at you with wide eyes.),"LogQuery(""FreeBondage"", ""TutorialDone"")",,,,,,
Play2,Play3,,"TUTORIAL: In free bondage mode, you can select items to add or remove from the right menu.",,"LogAdd(""FreeBondage"", ""TutorialDone"")",,,None,,
Play3,Play4,,You can also select physical activities to perform from that same menu.,,,,,,,
Play4,Play5,,"Once your selection is done, click on her body parts to execute it.",,,,,,,
Play5,Play6,,There's a stress meter in blue on the top left and an arousal meter in red on bottom left.,,,,,,,
Play6,Play7,,"For a perfect training session, reach the green zone on both meters and don't go beyond it.",,,,,,,
Play7,Play8,,"A good session will show the meter icon in yellow, a perfect in green and a horrible in purple.",,,,,,,
Play8,Play9,,Different activities and restraints combinations will lead to different results.,,,,,,,
Play9,Play10,,Each girl has unique tastes.  You'll need to learn what works with each of them. ,,,,,,,
Play10,Play11,,,,"MiniGameStart(""FreeBondage"", ""SamPuppyKneelFront"", ""SamPuppyKneelFront"")",,,Sam,MiniGameBackgroundFreeBondage,
Play11,Play12,,(Sam seems to be in bliss.  She really appreciated the good care and the attention.),"MiniGameFreeBondageResultGreater(""Arousal"", 100)",,3,,,,
Play11,Play12,,(Sam seems comfy and happy on her knees.  She enjoyed the care.),"MiniGameFreeBondageResultBetween(""Arousal"", 50, 99)",,1,,,,
Play11,Play12,,"(Sam takes a deep sigh, lacking the affection she was craving.)","MiniGameFreeBondageResultLower(""Arousal"", 49)",,-2,,,,
Play12,Dom35,,(She seems more docile and less pompous after this session.),"MiniGameFreeBondageResultGreater(""Stress"", 100)",DialogChangeGrades(2),,2,,,
Play12,Dom35,,(She seems a little more stressed and annoyed after this session.),"MiniGameFreeBondageResultBetween(""Stress"", 0, 99)",,,-1,,,
Play12,Dom35,,(She seems quite angry and arrogant after this session.),"MiniGameFreeBondageResultLower(""Stress"", -1)",DialogChangeGrades(-2),-1,-2,,,
DomEnd1,DomEnd2,,,,,,,,SamEnterTalk,
DomEnd2,DomEnd3,,(She clumsily redoes her braid and heads for the door.),,,,,,,
DomEnd3,DomEnd4,,I can't believe what I'm bloody saying but I guess it was nice to meet you.,DialogLoveGreater(1),,,,,SamEnterSmile,
DomEnd3,DomEnd4,,Detention with you was bloody annoying but it could have been worst.,"DialogLoveBetween(-4, 0)",,,,,SamEnterTalk,
DomEnd3,DomEnd4,,"I guess bloody detention should be a pain.  In that case, you excel at it.","DialogLoveBetween(-9, -5)",,,,,SamEnterAngry,
DomEnd3,DomEnd4,,It was bloody horrible to meet you.  I hope to never see you again.,DialogLoveLower(-10),,,,,SamEnterAngry,
DomEnd4,DomEnd5,,I've learned my lesson and be more respectful.  I'll try to never be your puppy again.,DialogDominationGreater(6),,,,,SamEnterTalk,
DomEnd4,DomEnd5,,There must be a law against dog transformation.  I'll call my lawyer.,DialogDominationLower(5),,,,,SamEnterPompous,
DomEnd5,OUTRO,,(She leaves the class as you return to your desk.),,,,,,,
Sub1,Sub2,,,,,,,Teacher,TeacherMittensStandFrontBaffled,
Sub2,Sub3,,"(You shake your hands, but the mittens won't come off, they are strapped too tight.)",,,,,,,
Sub2,Sub3,InventoryDialogPhone,"(She laughs and saves the moment, sending you a copy.)",,"PictureAdd(""Teacher"")",,,,,
Sub3,Sub4,,Maybe that bloody costume wasn't too bad after all.  (She laughs.),,,,,Sam,,
Sub4,,,You look good like that.,,,,,,,
Sub4,Sub5,"Don't laugh, this is not funny.",(She grumbles.)  Don't be so grumpy.,,,-1,,,,
Sub4,Sub5,I must admit it.  This is kind of fun.,(She laughs and nods.)  That's the spirit!,,,1,,,,
Sub4,Sub5,Remove these mittens right now.,(She shakes her head from left to right.)  Not now.,,,,1,,,
Sub4,Sub5,I think I'm stuck in them.,(She smirks and nods.)  A helpless teacher.,,,,-1,,,
Sub5,Sub6,,,,,,,,SamTeacherMittensStandFrontTalk,
Sub6,Sub7,,(She looks at you with a smile.),DialogLoveGreater(-2),,,,,,
Sub6,Sub7,,(She looks at you with an evil grin.),DialogLoveLower(-3),,,,,,
Sub7,Sub8,,You would make a good puppy you know.,,,,,,,
Sub8,Sub9,,I simply need to adjust some details.  (She comes closer.),,,,,,,
Sub9,Sub10,,,,,,,,SamTeacherPuppyNoCollarStandFrontFixHair,
Sub10,Sub11,,(She grabs your hair and quickly creates twin pigtails.),,,,,,,
Sub11,Sub12,,Aren't you adorable?  You're missing one bloody accessory.,,,,,,,
Sub12,Sub13,,(She reaches for her schoolbag and undoes a strap.),,,,,,,
Sub13,Sub14,,,,,,,,TeacherPuppyStandFrontStare,
Sub14,Sub15,,(She wraps the strap around your neck and buckles it.),,,,,,,
Sub15,Sub16,,"Don't worry little pup, next time I'll get you a real dog collar.",,,,,,,
Sub15,Sub16,InventoryDialogPhone,(She picks up your own phone and saves an image on it.),,"PictureAdd(""Teacher"")",,,,,
Sub16,,,How does it feel?,,,,,,,
Sub16,Sub17,I'm not a dog!,Not with this attitude.  I'll have to train you.,,,-1,,,,
Sub16,Sub17,This is preposterous.,You'll need to get used to it.  It will be some hard training.,,DialogChangeGrades(-1),,1,,,
Sub16,Sub17,We should focus on your grades.,"Fine, we'll do that later.  For now, I need to train you.",,DialogChangeGrades(2),,,,,
Sub16,Sub17,"Actually, it feels good.",You seem to enjoy it.  It will be pleasant to train you.,,,1,,,,
Sub16,Sub17,(Blush and bow your head.),"You're a natural, it will be easy to train you.",,DialogChangeGrades(1),,-1,,,
Sub17,Sub18,,,,,,,,SamTeacherPuppyStandFrontTalk,
Sub18,Sub19,,"It needs to be humiliating, so no teacher ever dares to bloody costume me again.",,,,,,,
Sub19,Sub20,,"I'll get a stronger reputation after that for sure, especially if others come in.",,,,,,,
Sub20,,,"Get on all fours, we'll see how you do.",,,,,,,
Sub20,Sub21,"Yes, Trainer Sam.",Trainer Sam?   That doesn't sound bad.  (You bend down.),,DialogChangeGrades(1),,-1,,,
Sub20,Sub21,(Laughs and bend down.),(You laugh together as you bend down.),,,1,,,,
Sub20,Sub21,This is not serious.,Not everything needs to be serious.  (She helps you down.),,DialogChangeGrades(-1),-1,,,,
Sub20,Sub21,"Forget it, I'm not doing that.","Dogs don't complain, they obey.  (She helps you down.)",,,,1,,,
Sub21,Sub22,,,,,,,,TeacherPuppyAllFoursClass,
Sub22,Sub23,,Father never allowed me to own a puppy.  He said it was a waste of time.,,,,,,,
Sub22,Sub23,InventoryDialogPhone,(She smirks and keeps a souvenir.),,"PictureAdd(""Teacher"")",,,,,
Sub23,Sub24,,"I don't have any bloody leash, but I know that teachers have cuffs.",,,,,,,
Sub24,Sub25,,I'm sure you won't mind if I borrow them.  (She searches in your stuff.),,,,,,,
Sub25,Sub26,,,,,,,,TeacherPuppyAllFoursKneeCuffedClassWalk,
Sub26,Sub27,,"(She locks the cuffs on your knees, forcing you to walk on all fours.)",,,,,,,
Sub26,Sub27,InventoryDialogPhone,(She takes a few pictures and sends you the best one.),,"PictureAdd(""Teacher"")",,,,,
Sub27,Walk1,,"Come, little pup!  It's time for your exercise.",,"LogAdd(""Sam"", ""TeacherPuppy"")",,,,,
Walk1,,,Do you think you can walk like that?,,,,,,,
Walk1,Walk2,I don't think I can.,Don't be so pessimistic.  With some practice you might do it.,,"MiniGameParameterSet(""Rhythm"", ""Difficulty"", ""0"")",-1,-1,,,
Walk1,Walk2,I could try.,"Yes, it's the only way to train.",,"MiniGameParameterSet(""Rhythm"", ""Difficulty"", ""1"")",,,,,
Walk1,Walk2,That looks easy.,"You seem quite confident, we'll see how you do.",,"MiniGameParameterSet(""Rhythm"", ""Difficulty"", ""2"")",1,1,,,
Walk1,Walk2,Walk?  I can run like that.,Really?  I'll make you run like bloody hell then.,,"MiniGameParameterSet(""Rhythm"", ""Difficulty"", ""3"")",1,2,,,
Walk2,Walk3,,Walk little pup!  (She spanks your butt to get you moving.),,,,,,,
Walk3,Walk4,,,,"MiniGameStart(""Rhythm"", ""TeacherPuppyWalkClass"")",,,,,
Walk4,Walk5,,"(After a long training session, she finally stops.)",,,,,,,
Walk5,WalkSuccess1,,(She stares at you and claps her hands.)  Excellent!  I'm proud to be your trainer.,"MiniGameResultBetween(100, 100)",DialogChangeGrades(2),2,,,,
Walk5,WalkSuccess1,,"(She smiles at you.)  You did very well, my little pup.  We will continue your training.","MiniGameResultBetween(90, 99)",DialogChangeGrades(1),1,,,,
Walk5,WalkSuccess1,,"(She looks at you.)  More training is required, but I see potential in you, little pup.","MiniGameResultBetween(75, 89)",,,,,,
Walk5,WalkFailure1,,"(She seems disappointed.)  You require lots more training, little pup.","MiniGameResultBetween(50, 74)",DialogChangeGrades(-1),-1,,,,
Walk5,WalkFailure1,,"(She shakes her head from left to right.)  That was a disaster, you're a poor puppy.","MiniGameResultBetween(10, 49)",DialogChangeGrades(-2),-2,,,,
Walk5,WalkFailure1,,(She sighs loudly.)  What a bloody awful performance.  My grandmother would do better.,"MiniGameResultBetween(0, 9)",DialogChangeGrades(-3),-3,,,,
WalkSuccess1,WalkSuccess2,,"You deserve a bloody reward, little pup.",,,,,,,
WalkSuccess2,WalkSuccess3,,Come with me.  (You clumsily walk to her desk together.),,,,,,,
WalkSuccess3,WalkSuccess4,,,,,,,,SamSitDeskTeacherPuppyChainedBack,
WalkSuccess4,WalkSuccess5,,(She pets your hair lovingly and chains you to her desk.),DialogLoveGreater(0),,,,,,
WalkSuccess4,WalkSuccess5,,(She chains you to her desk.),DialogLoveLower(-1),,,,,,
WalkSuccess5,WalkSuccess6,,"Until detention is over, you can relax here, next to your trainer.",,,,,,,
WalkSuccess6,,,Isn't it great?,,,,,,,
WalkSuccess6,WalkSuccess7,I don't know.,(She shrugs.)  You can think about it later.,,DialogChangeGrades(-1),,,,,
WalkSuccess6,WalkSuccess7,"That's enough, you can release me.",(She shakes her head no.)  Only when detention is over.,,DialogChangeGrades(1),-1,1,,,
WalkSuccess6,WalkSuccess7,(Pout and try to get comfy.),(She stares at you as you try to get comfy in vain on the ground.),,,-1,-1,,,
WalkSuccess6,WalkSuccess7,"It's nice, but next time I will train you.",(She laughs out loud.)  We'll see about that.,,DialogChangeGrades(1),1,1,,,
WalkSuccess6,WalkSuccess7,Woof!,(She makes a large grin.)  Such a good pup.,,DialogChangeGrades(-1),1,-1,,,
WalkSuccess7,WalkSuccess8,,,,,,,,SamSitDeskTeacherPuppyChainedFront,
WalkSuccess8,WalkSuccess9,,"Now be quiet, little pup.  I need to review that book.",,,,,,,
WalkSuccess9,WalkSuccess10,,"(She leaves chained next to her, petting you from time to time.)",,,,,None,,
WalkSuccess10,WalkSuccess11,,(No other student comes to detention.  The clock ticks slowly.),,,,,,,
WalkSuccess11,SubEnd1,,"(After a while, the bell rings.  She releases you before leaving.)",,,,,,,
WalkFailure1,WalkFailure2,,"There won't be any bloody reward for you, little pup.",,,,,,,
WalkFailure2,WalkFailure3,,Come with me.  (She drags you back to the teacher's desk.),,,,,,,
WalkFailure3,WalkFailure4,,,,,,,,TeacherPuppyChainedFrontDeskSad,
WalkFailure4,WalkFailure5,,"Since you failed, you will be chained to your desk while I study.",,,,,,,
WalkFailure5,WalkFailure6,,"Don't worry, my cherished pup.  I will release you when detention is over.",DialogLoveGreater(0),,,,,,
WalkFailure5,WalkFailure6,,I will release you when detention is over.,DialogLoveLower(-1),,,,,,
WalkFailure6,WalkFailure7,,"Next time, you will work harder and make your trainer proud.",,,,,,,
WalkFailure6,WalkFailure7,InventoryDialogPhone,(You whimper as she saves a picture of you.),,"PictureAdd(""Teacher"")",,,,,
WalkFailure7,,,Understood?,,,,,,,
WalkFailure7,WalkFailure8,What if other students come?,Simply explain that you were a bad puppy.  (She laughs out loud.),,DialogChangeGrades(-1),,,,,
WalkFailure7,WalkFailure8,(Sigh loudly and nod in defeat.),Grumble all you want.  This is your spot.,,,-1,-1,,,
WalkFailure7,WalkFailure8,"That's enough, release me now.",(She shakes her head no.)  Only when detention is over.,,DialogChangeGrades(1),-1,1,,,
WalkFailure7,WalkFailure8,"Very good, but next time I will train you.",(She laughs out loud.)  We'll see about that.,,DialogChangeGrades(1),1,1,,,
WalkFailure7,WalkFailure8,Woof!,(She makes a large grin.)  Such a good pup.,,DialogChangeGrades(-1),1,-1,,,
WalkFailure8,WalkFailure9,,"(She returns to her desk and studies, as you stay chained to yours.)",,,,,None,,
WalkFailure9,WalkFailure10,,(No other student comes to detention.  The clock ticks slowly.),,,,,,,
WalkFailure10,SubEnd1,,"(After a while, the bell rings.  She comes back to release you.)",,,,,,,
SubEnd1,SubEnd2,,,,,,,Sam,SamEnterPompous,
SubEnd2,SubEnd3,,(You redo your hair as she heads for the door.),,,,,,,
SubEnd3,SubEnd4,,I can't believe what I'm bloody saying but I guess it was nice to meet you.,DialogLoveGreater(1),,,,,SamEnterSmile,
SubEnd3,SubEnd4,,Detention with you was bloody annoying but it could have been worst.,"DialogLoveBetween(-4, 0)",,,,,SamEnterTalk,
SubEnd3,SubEnd4,,"I guess bloody detention should be a pain.  In that case, you excel at it.","DialogLoveBetween(-9, -5)",,,,,SamEnterAngry,
SubEnd3,SubEnd4,,It was bloody horrible to meet you.  I hope to never see you again.,DialogLoveLower(-10),,,,,SamEnterAngry,
SubEnd4,SubEnd5,,"If we meet again, I might have to train you some more.",DialogDominationGreater(-5),,,,,SamEnterTalk,
SubEnd4,SubEnd5,,"If we meet again, I'll get you on a tight leash.",DialogDominationLower(-6),,,,,SamEnterPompous,
SubEnd5,OUTRO,,(She leaves the class as you return to your desk.),,,,,,,
OUTRO,,,,,Wait(10),,,,,
