Entry,Intro1,,,,,,,Sarah,SarahEnterPhone,
Intro1,Intro2,,(A girl with long blond hair enters the detention room while texting on her phone.),,,,,,,
Intro2,Intro3,,(She finally notices you and puts her phone behind her back.)  A new teacher?,,,,,,SarahEnter,
Intro3,,,It's a pleasure to meet you Miss!  I'm Sarah.,,,,,,,
Intro3,Intro4,I'm PlayerName.,I hope you will enjoy working here.,,,,,,,
Intro3,Intro4,My name is PlayerName.  I'm a new teacher here.,I hope we are not giving you too much trouble.  (She giggles.),,,,-1,,,
Intro3,Intro4,Address me as Miss PlayerName.,Yes Miss PlayerName!  Welcome to our school.,,,,1,,,
Intro4,Intro5,,(She quickly gets back to her phone.),,,,,,SarahEnterPhone,
Intro5,,,Please give me five seconds Miss.,,,,,,,
Intro5,Intro6,You're wasting your brain.,(She shakes her head no and hides her phone again.),,,-1,,,SarahEnter,
Intro5,Intro6,Young lady!,(She jumps and quickly hides her phone again.)  Yes Miss!,,,,1,,SarahEnter,
Intro5,Intro6,Anything fun on the web?,(She nods and slowly hides her phone again.)  Oh yes!,,,1,,,SarahEnter,
Intro5,Intro6,(Wait for her to finish.),(She takes around twenty seconds to finish and hides her phone again.),,,,-1,,SarahEnter,
Intro6,Intro7,,"Sorry for the delay.  One of my favorite influencers just released a new make-up kit, it's very exciting.",,,,,,,
Intro7,,,What eyeliner do you use Miss?,,,,,,,
Intro7,Intro8,I'm using Sublime Feline.,Gee!  I love Sublime Feline!,,,1,,,,
Intro7,Intro8,I've never used eyeliner.,"You should Miss, you're missing on lots of possibilities.",,,,-1,,,
Intro7,Intro8,You should focus on school instead of eyeliner.,(She nods.)  Well said Miss.,,DialogChangeGrades(1),,1,,,
Intro7,Intro8,This is none of your business.,(She pouts.)  Yes Miss PlayerName.,,,-1,,,,
Intro7,Intro8,I don't use any.,Gee!  You're a natural beauty then.  (She smiles.),,,,,,,
Intro8,Selfie1,,Sorry for being here.  I got kicked out of theater class.,,,,,,,
Selfie1,,,Miss Julia said I can't take selfies while we rehearse.,,,,,,,
Selfie1,Selfie2,She was right to expel you.,(She bows her head.)  I know Miss PlayerName.,,,,1,,,
Selfie1,Selfie2,I bet these were cute pictures.,(She nods happily.)  Only the best!,,,1,,,,
Selfie1,Selfie2,Selfies are a waste of time.,(She sighs.)  Can we agree to disagree?,,,-1,,,,
Selfie1,Selfie2,That was too strict of her.,(She smirks.)  We think alike!  That's exactly what I've told her.,,,,-1,,,
Selfie2,Selfie3,,I love taking pictures!,,,,,,,
Selfie3,,,I want to be an actress or a model someday.,,,,,,,
Selfie3,Selfie8,It won't happen if you get expelled.,"(She sighs.)  I know, I know.",,DialogChangeGrades(1),-1,,,,
Selfie3,Selfie4,Show your moves girl!  (Get your phone.),Gee!  With pleasure Miss!  (She tries to find a cute pose for your camera.),,DialogChangeGrades(-2),1,1,,,
Selfie3,Selfie4,Can I see if you're photogenic?  (Get your phone.),Of course!  (She tries to find a cute pose for your camera.),,DialogChangeGrades(-2),1,-1,,,
Selfie3,Selfie8,You need to finish college first.,(She bows her head.)  Yes Miss PlayerName.,,DialogChangeGrades(1),,1,,,
Selfie3,Selfie4,InventoryDialogPhone,(She jumps out of joy as you whip out your phone to take pictures.),,DialogChangeGrades(-2),2,,,,
Selfie4,Selfie5,,,,,,,,SarahEnterSelfie1,
Selfie4,Selfie5,InventoryDialogPhone,(You take a picture of her on your phone.)  Is it cute?  I can do better!,,PictureAdd(),,,,,
Selfie5,Selfie6,,,,,,,,SarahEnterSelfie2,
Selfie5,Selfie6,InventoryDialogPhone,(You snap a cute picture.)  Do I need Botox?,,PictureAdd(),,,,,
Selfie6,Selfie7,,,,,,,,SarahEnterSelfie3,
Selfie6,Selfie7,InventoryDialogPhone,(You take one last image.)  Can I make it to Hollywood?,,PictureAdd(),,,,,
Selfie7,Selfie8,,"Thanks Miss!  You can upload them, but make sure to tag me.",,,,,,SarahEnter,
Selfie8,Study1,,(She looks at the empty class.),,,,,,,
Study1,,,I can pick any desk I want?,,,,,,,
Study1,Study2,"Yes, the class is yours.",(She smiles proudly.)  I'll sit in front then.,,,,-1,,,
Study1,Study2,Sit in front.  (Point at a desk.),(She nods rapidly.)  Yes Miss PlayerName.,,,,1,,,
Study1,Study2,Help yourself.,Thanks!,,,,,,,
Study2,Study3,,(She sits on the front desk by the window.),,,,,,SarahSitFront,
Study3,Study4,,I'm quite late with my book report.  It won't hurt to read a few chapters today.,,,,,,,
Study4,Study5,,,,,,,Teacher,SarahSitFrontRead,
Study5,,,(Sarah is focusing on her book.),,,,,,,
Study5,StudyClass,(Inspect the classroom.),(The classroom is empty except for Sarah sitting by the window.),,,,,,TeacherClassroom,
Study5,StudyNoPhone1,(Sneak behind her.),(You slowly sneak behind her as she's focusing on her book.),,,,,,,
StudyPhone,,,(Sarah is focusing on her book.),,,,,,,
StudyPhone,StudyClass,(Inspect the classroom.),(The classroom is empty except for Sarah sitting by the window.),,,,,,TeacherClassroom,
StudyPhone,Study6,(Sneak behind her.),(You slowly sneak behind her as she's focusing on her book.),,,,,,,
StudyClass,StudyClass,(Wait patiently.),(You look around and wait for something to happen.),,Wait(),,,,TeacherClassroom,Clock
StudyClass,StudyClass,(Play a game on your phone.),(You play a puzzle game on your phone as the clock ticks.  Sarah notices it and giggles.),"!LogQuery(""Evelyn"", ""PhoneControl"")",PlayPhone(),,,,TeacherClassroomPhone,Clock
StudyClass,StudyClass,(Play a game on your phone.),"(A padlock appears on your phone, you can read: Games blocked by your phone administrator)","LogQuery(""Evelyn"", ""PhoneControl"")",,,,,TeacherClassroomPhone,Clock
StudyClass,StudyPhone,(Check on Sarah.),,,,,,,SarahSitFrontRead,
StudyClass,StudyCrop1,SecretDialog,,"!InventoryAvailable(""Crop"")",,400,500,400,300,
StudyClass,StudyNoCrop1,SecretDialog,,"InventoryAvailable(""Crop"")",,400,500,400,300,
StudyCrop1,StudyCrop2,,,,,,,,TeacherDeskCrop,
StudyCrop2,,,(There's a leather crop inside the teacher's desk.),,,,,,TeacherDeskCrop,
StudyCrop2,StudyNoCrop2,(Take the leather crop.),(You take the leather crop and keep it for yourself.),,"InventoryAdd(""Crop"")",,,,TeacherDeskEmpty,
StudyCrop2,StudyClass,(Leave it there.),(You leave the crop in the desk and return to the classroom.),,,,,,TeacherClassroom,
StudyNoCrop1,StudyNoCrop2,,,,,,,,TeacherDeskEmpty,
StudyNoCrop2,,,(The teacher's desk is empty.),,,,,,TeacherDeskEmpty,
StudyNoCrop2,StudyCrop2,(Leave the crop in it.),(You put back the leather crop inside the desk.),,"InventoryDelete(""Crop"")",,,,TeacherDeskCrop,
StudyNoCrop2,StudyClass,(Inspect the classroom.),(The classroom is empty except for Sarah sitting by the window.),,,,,,TeacherClassroom,
StudyNoPhone1,StudyNoPhone2,,,,,,,,SarahSitFrontReadNoPhone,
StudyNoPhone2,,,(She's reading her book silently.),,,,,,,
StudyNoPhone2,StudyClass,(Inspect the classroom.),(The classroom is empty except for Sarah sitting by the window.),,,,,,TeacherClassroom,
Study6,Study7,,,,,,,,SarahSitFrontReadHidePhone,
Study7,Study8,,(She's hiding her phone in the book.),,,,,,,
Study8,,,(She seems to be watching pornography.),,,,,,SarahSitFrontReadHidePhone,
Study8,Study9,(Look at the image on her phone.),,,,,,,SarahPhonePornStar,
Study8,Catch1,(Tap on her shoulder.),Gee!  (She jumps as you tap her shoulder.  She quickly hides her phone under her book.),,,,,Sarah,SarahSitFrontSurprised,
Study8,StudyClass,(Go back to the classroom.),(The classroom is empty except for Sarah sitting by the window.),,,,,,TeacherClassroom,
Study8,Catch1,InventoryDialogCrop,(She jumps and gasps as you whip the desk.  She quickly hides her phone under her book.),,,,1,Sarah,SarahSitFrontSurprised,
Study9,,,"(There's a picture of a naked girl with big breast, kneeling on the floor wearing a collar.)",,,,,,,
Study9,Study8,(Look away from the image.),,,,,,,SarahSitFrontReadHidePhone,
Study9,Catch1,(Tap on her shoulder.),Gee!  (She jumps as you tap her shoulder.  She quickly hides her phone under her book.),,,,,Sarah,SarahSitFrontSurprised,
Study9,StudyClass,(Go back to the classroom.),(The classroom is empty except for Sarah sitting by the window.),,,,,,TeacherClassroom,
Catch1,Catch2,,Miss PlayerName!  I didn't see you.,,,,,,,
Catch2,,,I... was...  checking for art!  For art class!,,,,,,,
Catch2,Catch3,They are teaching porn?,"(She pouts.)  No, Miss PlayerName.",,,-1,,,,
Catch2,Catch3,Do you think I was born yesterday?,"(She bows her head.)  I'm sorry, Miss PlayerName.",,,,1,,,
Catch2,Catch3,Art class is getting kinky.,"(She giggles and nods.)  Yes, Miss PlayerName.",,,1,,,,
Catch2,Catch3,What?  Are you serious?,"(She laughs.)  Ok, maybe I'm pushing my luck.",,,,-1,,,
Catch3,Catch4,,I was checking on one of my favorite adult influencers.,,,,,,,
Catch4,Catch5,,Today she's cosplaying as a slave and posting pictures.,,,,,,,
Catch5,,,"Don't worry, she's not a real slave.",,,,,,,
Catch5,Catch6,Unlike you.  You're a slave to your phone.,(She shakes her head from left to right.)  I'm not a slave to my phone!,,,-1,1,,,
Catch5,Catch6,You're addicted to your phone.,(She sighs.)  I know I spend a lot of time on it.  But I'm not addicted.,,,,,,,
Catch5,Confiscate1,I will confiscate your phone young lady.,What?  Gee!  Miss!  (She pouts and reluctantly gives you her phone.),,,-1,,,,
Catch5,Confiscate1,(Stay silent and take her phone.),Gee!  Miss!  What are you doing?  (She pouts as you take her phone.),,,-2,1,,,
Catch6,,,I'm stronger than my cell.,,,,,,,
Catch6,Catch7,You're a weak girl.,(She pouts and grumbles.)  Miss PlayerName!  Don't you trust me?,,,-1,1,,,
Catch6,Catch7,Are you willing to prove it?,(She nods.)  Yes Miss PlayerName.  I can prove it.,,,,,,,
Catch6,Catch7,Show me that strength Sarah.,(She smirks.)  How can I prove it?,,,1,-1,,,
Catch7,Challenge1,,I will give you a challenge Sarah.,,,,,Teacher,SarahSitFrontTeacherExplain,
Challenge1,Challenge2,,"You will sit on your chair, and you won't move.",,,,,,,
Challenge2,Challenge3,,"Your phone will be on your desk, right in front of you.",,,,,,,
Challenge3,Challenge4,,"It will lie there, and you won't grab it or bend to look at it.",,,,,,,
Challenge4,Challenge5,,Do you think you can resist for ten minutes?,,,,,,,
Challenge5,Challenge6,,(She puts her phone on the desk in front of her.),,,,,Sarah,SarahSitFrontStarePhoneDesk,
Challenge6,,,I can do it Miss PlayerName.,,,,,,,
Challenge6,Challenge7,I know you can.,"(She nods rapidly.)  Gee!  Yes, yes, yes!",,,,-1,,,
Challenge6,Challenge7,You will fail.,(She sighs and cracks her fingers.)  I won't fail!,,,-1,,,,
Challenge6,Challenge7,I have faith in you Sarah.,(She smiles at you.)  Thanks a lot!,,,1,,,,
Challenge6,Challenge7,InventoryDialogCrop,(She jumps and sits straight as you whip her desk.),,,,1,,,
Challenge7,Challenge8,,(She sits quietly in front of her phone.),,,,,,,
Challenge8,Challenge9,,,,,,,,SarahSitFrontStarePhoneDeskTeacher,
Challenge9,Challenge10,,(She stares at her phone and begins to tremble.),,,,,,,
Challenge10,,,Gee!  What...  What if I fail?,,,,,,,
Challenge10,Challenge11,You will be restrained.,(She blushes.)  Restrained Miss PlayerName?  Oh my.,,,1,,,,
Challenge10,Challenge11,I'll punish you.,"(Her eyes widen.)  Ok Miss, I will not fail.",,,-1,,,,
Challenge10,Challenge11,You will need to accept that you're a slave.,(She gulps and nods.)  Very well Miss PlayerName.,,,,1,,,
Challenge10,Challenge11,I'll think of something.,(She gives you a confused look.)  Alright.,,,,-1,,,
Challenge10,Challenge11,InventoryDialogHandcuffs,"(Her eyes widen as you show her the cuffs.)  Cuffs are a strict punishment, Miss PlayerName.",,,,1,,,
Challenge11,Challenge12,,(She takes deep breaths and tries to look away.),,,,,,,
Challenge12,Challenge13,,"(Her phone vibrates, she received an alert.)",,,,,,,
Challenge13,,,"Miss PlayerName!  I received an alert, maybe it's important.",,,,,,,
Challenge13,ChallengeFail1,Are you expecting an important message?,(She jumps and grabs her phone.)  Gee!  It's not an emergency.,,,,,,SarahSitFrontGrabPhone,
Challenge13,Challenge14,Your class is more important.,(She nods and tries to stay calm.)  You're right Miss.,,,,,,,
Challenge14,Challenge15,,(She wiggles her feet nervously as her phone vibrates again.),,,,,,,
Challenge15,,,Another one?  What is going on?,,,,,,,
Challenge15,ChallengeFail1,You can end the challenge you know.,(She jumps and grabs her phone.)  It's...  It's nothing big.,,,,,,SarahSitFrontGrabPhone,
Challenge15,Challenge16,Stay strong Sarah.,(She takes a deep breath and nods.)  I'm strong!,,,,,,,
Challenge15,Challenge16,InventoryDialogCrop,(She clinches her fists as you whip the desk.)  I'm staying strong Miss PlayerName.,,,,1,,,
Challenge16,Challenge17,,(Her phone vibrates for a third time as she rocks her chair rapidly.),,,,,,,
Challenge17,,,A third one?  Who is it from?,,,,,,,
Challenge17,ChallengeFail1,(Check her phone.)  Do you know anyone named M. Sophie?,What?  (She jumps and grabs her phone.)  Gee!  It's only a reminder.,,,,,,SarahSitFrontGrabPhone,
Challenge17,ChallengeSuccess1,(Check her phone.)  You can text back after class.,(She nods proudly.)  Yes Miss PlayerName.  I'm not a slave.,,,,,,,
ChallengeSuccess1,ChallengeSuccess2,,(She slowly calms down as the clock ticks.),,,,,,,
ChallengeSuccess2,ChallengeSuccess3,,(Ten minutes go by and she smiles proudly.),,"LogAdd(""Sarah"", ""ChallengeSuccess"")",,,,SarahSitFrontStarePhoneDesk,
ChallengeSuccess3,,,I did it!,,,,,,,
ChallengeSuccess3,ChallengeSuccess4,I knew you would.,"(She makes a thumbs up.)  Thanks, I appreciate.",,,1,,,,
ChallengeSuccess3,ChallengeSuccess4,Well done.,That wasn't too bad.,,,,,,,
ChallengeSuccess3,ChallengeSuccess4,You're stronger than I thought.,You should have more faith in me.,,,-1,,,,
ChallengeSuccess4,ChallengeSuccess5,,"Thanks for the challenge, I've learned from it.",,,,-4,,,
ChallengeSuccess5,ChallengeSuccess6,,Gee!  I'm not a slave.  I'm a strong lady!,,,,,,,
ChallengeSuccess6,ChallengeSuccess7,,I should finish these chapters now.,,DialogChangeGrades(3),,,,,
ChallengeSuccess7,ChallengeSuccess8,,,,,,,Teacher,SarahSitFrontRead,
ChallengeSuccess8,,,(Sarah is reading her book confidently.),,,,,,,
ChallengeSuccess8,ChallengeSuccessClass,(Inspect the classroom.),(The classroom is empty except for Sarah sitting by the window.),,,,,,TeacherClassroom,
ChallengeSuccess8,ChallengeSuccess8,(Watch her read.),(You watch her read as the clock ticks.  She smirks and seems happy.),,Wait(),,,,,Clock
ChallengeSuccess8,ChallengeSuccessSneak1,(Sneak behind her.),(You slowly sneak behind her as she's focusing on her book.),,,,,,,
ChallengeSuccessClass,ChallengeSuccessClass,(Wait patiently.),(You look around and wait for something to happen.),,Wait(),,,,TeacherClassroom,Clock
ChallengeSuccessClass,ChallengeSuccessClass,(Play a game on your phone.),(You play a puzzle game on your phone as the clock ticks.  Sarah notices it and giggles.),"!LogQuery(""Evelyn"", ""PhoneControl"")",PlayPhone(),,,,TeacherClassroomPhone,Clock
ChallengeSuccessClass,ChallengeSuccessClass,(Play a game on your phone.),"(A padlock appears on your phone, you can read: Games blocked by your phone administrator)","LogQuery(""Evelyn"", ""PhoneControl"")",,,,,TeacherClassroomPhone,Clock
ChallengeSuccessClass,ChallengeSuccess8,(Check on Sarah.),,,,,,,SarahSitFrontRead,
ChallengeSuccessClass,ChallengeSuccessCrop1,SecretDialog,,"!InventoryAvailable(""Crop"")",,400,500,400,300,
ChallengeSuccessClass,ChallengeSuccessNoCrop1,SecretDialog,,"InventoryAvailable(""Crop"")",,400,500,400,300,
ChallengeSuccessCrop1,ChallengeSuccessCrop2,,,,,,,,TeacherDeskCrop,
ChallengeSuccessCrop2,,,(There's a leather crop inside the teacher's desk.),,,,,,TeacherDeskCrop,
ChallengeSuccessCrop2,ChallengeSuccessNoCrop2,(Take the leather crop.),(You take the leather crop and keep it for yourself.),,"InventoryAdd(""Crop"")",,,,TeacherDeskEmpty,
ChallengeSuccessCrop2,ChallengeSuccessClass,(Leave it there.),(You leave the crop in the desk and return to the classroom.),,,,,,TeacherClassroom,
ChallengeSuccessNoCrop1,ChallengeSuccessNoCrop2,,,,,,,,TeacherDeskEmpty,
ChallengeSuccessNoCrop2,,,(The teacher's desk is empty.),,,,,,TeacherDeskEmpty,
ChallengeSuccessNoCrop2,ChallengeSuccessCrop2,(Leave the crop in it.),(You put back the leather crop inside the desk.),,"InventoryDelete(""Crop"")",,,,TeacherDeskCrop,
ChallengeSuccessNoCrop2,ChallengeSuccessClass,(Inspect the classroom.),(The classroom is empty except for Sarah sitting by the window.),,,,,,TeacherClassroom,
ChallengeSuccessSneak1,ChallengeSuccessSneak2,,,,,,,,SarahSitFrontReadNoPhone,
ChallengeSuccessSneak2,,,(She's reading her book silently.),,,,,,,
ChallengeSuccessSneak2,ChallengeSuccessClass,(Inspect the classroom.),(The classroom is empty except for Sarah sitting by the window.),,,,,,TeacherClassroom,
ChallengeSuccessSneak2,ChallengeSuccess8,(Check on Sarah.),,,,,,,SarahSitFrontRead,
ChallengeFail1,ChallengeFail2,,(She trembles and slowly turns toward you.),,"LogAdd(""Sarah"", ""ChallengeFail"")",,1,,,
ChallengeFail2,,,I failed the challenge?,,DialogChangeGrades(-2),,,,SarahSitFrontGrabPhoneStare,
ChallengeFail2,ChallengeFail3,You failed miserably.,(She sighs and seems discouraged.),,,-1,,,,
ChallengeFail2,ChallengeFail3,You're a slave.,(She bows her head and whimpers silently.),,,,1,,,
ChallengeFail2,ChallengeFail3,It was a hard challenge.,(She nods rapidly.),,,,-1,,,
ChallengeFail2,ChallengeFail3,You tried your best.,(She produces a small smile and nods.),,,1,,,,
ChallengeFail2,ChallengeFail3,InventoryDialogCrop,(She jumps on her chair as you whip her desk.),,,,1,,,
ChallengeFail3,,,I'm ready to face the consequences.,,,,,,,
ChallengeFail3,ChallengeFail4,Put your hands behind your back.,(She slowly puts her hands behind her as you get the cuffs.),,,,,,,
ChallengeFail3,ChallengeFail4,I'm sorry but I must punish you.,(She sighs and puts her hands behind her as you get the cuffs.),,,,-1,,,
ChallengeFail3,ChallengeFail4,(Grin and get the cuffs.),(She quickly puts her hands behind her as you get the cuffs.),,,,1,,,
ChallengeFail3,ChallengeFail4,InventoryDialogHandcuffs,(She quickly puts her hands behind her as you get the cuffs.),,,,1,,,
ChallengeFail4,ChallengeFail5,,,,,,,,SarahSitFrontCuffedChairZoom,
ChallengeFail5,ChallengeFail6,,(You lock her arms behind her back.  Chaining her to the chair.),,,,,,,
ChallengeFail6,ChallengeFail7,,(She tugs on the cuffs to test them.),,,,,,,
ChallengeFail7,ChallengeFail8,,,,,,,,SarahSitFrontCuffedChair,
ChallengeFail8,,,Gee!  How can I study like that?,,,,,,,
ChallengeFail8,ChallengeFailEnd1,"Don't worry, you can study later.",(She nods.)  I guess I can manage this punishment.,,,,-1,,,
ChallengeFail8,ChallengeFailEnd1,Slaves need patience.  They don't need to study.,(She bows her head and nods.),,,,1,,,
ChallengeFail8,ChallengeFailEnd1,"You won't, you will wait until the bell rings.","Fine, this book isn't great anyway.",,,,,,,
ChallengeFail8,ChallengeFailPhoto1,You'll do pictures instead.  (Get your phone.),(You take your phone and get ready to take pictures.),,,,,,,
ChallengeFail8,ChallengeFailPhoto1,(Stay silent and grab your phone.),(You take your phone and get ready to take pictures.),,,,1,,,
ChallengeFail8,ChallengeFailPhoto1,InventoryDialogPhone,(You take your phone and get ready to take pictures.),,,,1,,,
ChallengeFailPhoto1,ChallengeFailPhoto2,,,,,,,,,
ChallengeFailPhoto1,ChallengeFailPhoto2,InventoryDialogPhone,(She struggles as you take a photo.)  You're really taking pictures?,,PictureAdd(),,,,,
ChallengeFailPhoto2,ChallengeFailPhoto3,,,,,,,,SarahSitFrontCuffedChair2,
ChallengeFailPhoto2,ChallengeFailPhoto3,InventoryDialogPhone,"(You snap a kinky picture or her in cuffs.)  Please don't share them, Miss PlayerName.",,PictureAdd(),,,,,
ChallengeFailPhoto3,ChallengeFailPhoto4,,,,,,,,SarahSitFrontCuffedChairZoom,
ChallengeFailPhoto3,ChallengeFailPhoto4,InventoryDialogPhone,(You zoom on her cuffs as she struggles.)  This is not comfy.,,PictureAdd(),,,,,
ChallengeFailPhoto4,ChallengeFailPhoto5,,,,,,,,SarahSitFrontCuffedChair3,
ChallengeFailPhoto4,ChallengeFailPhoto5,InventoryDialogPhone,(You take one last image.)  This is quite embarrassing.,,PictureAdd(),,,,,
ChallengeFailPhoto5,ChallengeFailPhoto6,,(She sighs and seems discouraged.),,DialogChangeGrades(-2),,,,,
ChallengeFailPhoto6,,,What will you do with these pictures?,,,,,,,
ChallengeFailPhoto6,ChallengeFailPhoto7,I might prepare an album for the web.,(She shakes her head from left to right.)  This is a really bad idea.,,,-1,,,,
ChallengeFailPhoto6,ChallengeFailPhoto7,I'll send them to you and delete them.,(She smiles and nods.)  Thanks a lot.,,,1,,,,
ChallengeFailPhoto6,ChallengeFailPhoto7,I don't know yet.,(She pouts.)  Please delete them.,,,,,,,
ChallengeFailPhoto7,ChallengeFailEnd1,,Gee!  I can't believe I'm stuck like that until the bell rings.,,,,,,,
ChallengeFailEnd1,ChallengeFailEnd2,,,,,,,Teacher,SarahSitFrontCuffedChair,
ChallengeFailEnd2,,,(Sarah is struggling against her cuffs and staring at her phone.),,DialogChangeGrades(3),,,,,
ChallengeFailEnd2,ChallengeFailClass,(Inspect the classroom.),(The classroom is empty except for Sarah sitting by the window.),,,,,,TeacherClassroom,
ChallengeFailEnd2,ChallengeFailEnd2,(Watch her struggle.),(You watch her struggle as the clock ticks.  She jumps each time her phone vibrates but cannot do much.),,Wait(),,,,,Clock
ChallengeFailEnd2,ChallengeFailEnd3,(Verify her cuffs.),"(With one hand secured in front and one behind the chair, she's not going anywhere.)",,,,,,SarahSitFrontCuffedChairZoom,
ChallengeFailEnd3,ChallengeFailClass,(Inspect the classroom.),(The classroom is empty except for Sarah sitting by the window.),,,,,,TeacherClassroom,
ChallengeFailEnd3,ChallengeFailEnd2,(Watch Sarah.),(Sarah is struggling against her cuffs and staring at her phone.),,,,,,SarahSitFrontCuffedChair,
ChallengeFailClass,ChallengeFailClass,(Wait patiently.),(You look around and wait for something to happen.),,Wait(),,,,TeacherClassroom,Clock
ChallengeFailClass,ChallengeFailClass,(Play a game on your phone.),(You play a puzzle game on your phone as the clock ticks.  Sarah notices it and giggles.),"!LogQuery(""Evelyn"", ""PhoneControl"")",PlayPhone(),,,,TeacherClassroomPhone,Clock
ChallengeFailClass,ChallengeFailClass,(Play a game on your phone.),"(A padlock appears on your phone, you can read: Games blocked by your phone administrator)","LogQuery(""Evelyn"", ""PhoneControl"")",,,,,TeacherClassroomPhone,Clock
ChallengeFailClass,ChallengeFailEnd2,(Check on Sarah.),,,,,,,SarahSitFrontCuffedChair,
ChallengeFailClass,ChallengeFailCrop1,SecretDialog,,"!InventoryAvailable(""Crop"")",,400,500,400,300,
ChallengeFailClass,ChallengeFailNoCrop1,SecretDialog,,"InventoryAvailable(""Crop"")",,400,500,400,300,
ChallengeFailCrop1,ChallengeFailCrop2,,,,,,,,TeacherDeskCrop,
ChallengeFailCrop2,,,(There's a leather crop inside the teacher's desk.),,,,,,TeacherDeskCrop,
ChallengeFailCrop2,ChallengeFailNoCrop2,(Take the leather crop.),(You take the leather crop and keep it for yourself.),,"InventoryAdd(""Crop"")",,,,TeacherDeskEmpty,
ChallengeFailCrop2,ChallengeFailClass,(Leave it there.),(You leave the crop in the desk and return to the classroom.),,,,,,TeacherClassroom,
ChallengeFailNoCrop1,ChallengeFailNoCrop2,,,,,,,,TeacherDeskEmpty,
ChallengeFailNoCrop2,,,(The teacher's desk is empty.),,,,,,TeacherDeskEmpty,
ChallengeFailNoCrop2,ChallengeFailCrop2,(Leave the crop in it.),(You put back the leather crop inside the desk.),,"InventoryDelete(""Crop"")",,,,TeacherDeskCrop,
ChallengeFailNoCrop2,ChallengeFailClass,(Inspect the classroom.),(The classroom is empty except for Sarah sitting by the window.),,,,,,TeacherClassroom,
Confiscate1,Confiscate2,,Miss PlayerName!  This is so unfair!,,,,,,SarahSitFrontPout,
Confiscate2,,,(She trembles and seems unwell.)  What will I do?,,,,,,,
Confiscate2,Confiscate3,You will study girl.  Right now.,(She gulps and nods.)  Yes Miss PlayerName.,,DialogChangeGrades(2),,1,,,
Confiscate2,Confiscate3,Maybe you could focus on your classes.,(She rolls her eyes up.)  I guess.,,DialogChangeGrades(1),,-1,,,
Confiscate2,Confiscate3,"I don't care, but you won't watch porn.",(She grumbles and bows her head.)  Yes Miss PlayerName.,,,-1,1,,,
Confiscate2,Confiscate3,InventoryDialogCrop,(She jumps as you whip the desk.)  Gee!  Miss!,,DialogChangeGrades(2),,2,,,
Confiscate3,,,(She picks up her book again and starts to read nervously.),,,,,Teacher,SarahSitFrontRead,
Confiscate3,ConfiscateClass,(Inspect the classroom.),(The classroom is empty except for Sarah sitting by the window.),,,,,,TeacherClassroom,
Confiscate3,Confiscate3,(Watch her read.),"(You watch her read as the clock ticks.  She shakes and seems to be nervous, missing her phone.)",,Wait(),,,,,Clock
ConfiscateClass,ConfiscateClass,(Wait patiently.),(You look around and wait for something to happen.),,Wait(),,,,TeacherClassroom,Clock
ConfiscateClass,ConfiscateClass,(Play a game on your phone.),(You play a puzzle game on your phone as the clock ticks.  Sarah notices it and giggles.),"!LogQuery(""Evelyn"", ""PhoneControl"")",PlayPhone(),,,,TeacherClassroomPhone,Clock
ConfiscateClass,ConfiscateClass,(Play a game on your phone.),"(A padlock appears on your phone, you can read: Games blocked by your phone administrator)","LogQuery(""Evelyn"", ""PhoneControl"")",,,,,TeacherClassroomPhone,Clock
ConfiscateClass,Confiscate4,(Check on Sarah.),,"!LogQuery(""Sarah"", ""ChainedDesk"")",,,,,SarahSitFrontRead,
ConfiscateClass,Confiscate19,(Check on Sarah.),,"LogQuery(""Sarah"", ""ChainedDesk"")",,,,,SarahSitFrontLegCuffedStudy,
ConfiscateClass,ConfiscateCrop1,SecretDialog,,"!InventoryAvailable(""Crop"")",,400,500,400,300,
ConfiscateClass,ConfiscateNoCrop1,SecretDialog,,"InventoryAvailable(""Crop"")",,400,500,400,300,
ConfiscateCrop1,ConfiscateCrop2,,,,,,,,TeacherDeskCrop,
ConfiscateCrop2,,,(There's a leather crop inside the teacher's desk.),,,,,,TeacherDeskCrop,
ConfiscateCrop2,ConfiscateNoCrop2,(Take the leather crop.),(You take the leather crop and keep it for yourself.),,"InventoryAdd(""Crop"")",,,,TeacherDeskEmpty,
ConfiscateCrop2,ConfiscateClass,(Leave it there.),(You leave the crop in the desk and return to the classroom.),,,,,,TeacherClassroom,
ConfiscateNoCrop1,ConfiscateNoCrop2,,,,,,,,TeacherDeskEmpty,
ConfiscateNoCrop2,,,(The teacher's desk is empty.),,,,,,TeacherDeskEmpty,
ConfiscateNoCrop2,ConfiscateCrop2,(Leave the crop in it.),(You put back the leather crop inside the desk.),,"InventoryDelete(""Crop"")",,,,TeacherDeskCrop,
ConfiscateNoCrop2,ConfiscateClass,(Inspect the classroom.),(The classroom is empty except for Sarah sitting by the window.),,,,,,TeacherClassroom,
Confiscate4,,,(Sarah is trembling while reading her book.),,,,,,,
Confiscate4,ConfiscateClass,(Inspect the classroom.),(The classroom is empty except for Sarah sitting by the window.),,,,,,TeacherClassroom,
Confiscate4,Confiscate4,(Watch her read.),"(You watch her read as the clock ticks.  She shakes and seems to be nervous, missing her phone.)",,Wait(),,,,,Clock
Confiscate4,Confiscate5,InventoryDialogHandcuffs,(You swiftly grab your cuffs and bend down to reach her leg.),,,,,,,
Confiscate5,Confiscate6,,,,"LogAdd(""Sarah"", ""ChainedDesk"")",,,,SarahSitFrontLegCuffedZoom,
Confiscate6,Confiscate7,,(You take her by surprise and lock her ankle to the desk.),,,,,,,
Confiscate7,Confiscate8,,,,,,,Sarah,SarahSitFrontLegCuffedLook,
Confiscate8,Confiscate9,,Miss PlayerName!  Gee!  (She tugs on her foot.),,,,,,,
Confiscate9,,,Why did you chain me to the desk?,,,,,,,
Confiscate9,Confiscate10,You love slaves?  You can be one.,"(She gives you a curious look.)  I know this college can feel like a prison, but this is extreme.",,,-1,1,,,
Confiscate9,Confiscate10,To help you focus on your book.,You chain me to help me read?,,DialogChangeGrades(2),1,,,,
Confiscate9,Confiscate10,It's part of your personal training girl.,(She gulps.)  My personal training Miss PlayerName?,,DialogChangeGrades(1),1,1,,,
Confiscate10,Confiscate10B,,,,,,,Teacher,SarahSitFrontLegCuffedExplain,
Confiscate10B,Confiscate11,,"You're young, you need discipline and guidance.",,,,,,,
Confiscate11,Confiscate12,,"You tremble without your phone, you feel helpless.",,,,,,,
Confiscate12,Confiscate13,,"Chained like that, you cannot reach your phone anymore.  It's out of your control.",,,,,,,
Confiscate13,Confiscate14,,"Simply forget about your phone now, you don't need to worry about what you cannot affect.",,,,,,,
Confiscate14,Confiscate15,,Enjoy your temporary slavery and focus on your book.,,,,,,,
Confiscate15,Confiscate16,,That chain isn't restraining you.  It's setting you free.  Do you understand?,,,,,,,
Confiscate16,Confiscate17,,Yes Miss PlayerName.  I understand.,,,,,Sarah,SarahSitFrontLegCuffedLook,
Confiscate17,,,"Thank you for the lesson, I will get back to my book.",,DialogChangeGrades(3),,,,,
Confiscate17,Confiscate18,It's time to read girl.,Yes Miss PlayerName.,,,,,,,
Confiscate17,Confiscate18,I hope I wasn't too harsh.,"Oh no, you were not too harsh.  Everything is fine.",,,1,-1,,,
Confiscate17,Confiscate18,Good girl.  (Pet her head.),"(She blushes and looks down.)  Thank you, Miss PlayerName.  I appreciate.",,,1,1,,,
Confiscate18,Confiscate19,,(She plunges back into her book with a smile.),,,,,,SarahSitFrontLegCuffedStudy,
Confiscate19,,,(Sarah is reading her book peacefully.),,,,,Teacher,,
Confiscate19,ConfiscateClass,(Inspect the classroom.),(The classroom is empty except for Sarah sitting by the window.),,,,,,TeacherClassroom,
Confiscate19,Confiscate19,(Watch her read.),"(You watch her read as the clock ticks.  She seems to be relaxed, in a good mood to learn.)",,Wait(),,,,,Clock
Confiscate19,Confiscate20,(Check her ankle.),(Her ankle is securely chained to the desk.  She's not going anywhere.),,,,,,SarahSitFrontLegCuffedZoom,
Confiscate20,ConfiscateClass,(Inspect the classroom.),(The classroom is empty except for Sarah sitting by the window.),,,,,,TeacherClassroom,
Confiscate20,Confiscate19,(Check on Sarah.),,,,,,,SarahSitFrontLegCuffedStudy,
OUTRO,,,,,,,,,,
