Entry,Intro1,,,,,,,Sidney,SidneyEnterAngry,,
Intro1,Intro2,,(Sidney enters the detention room and flips you her middle finger.),"!LogQuery(""Sidney"", ""BlackmailUnderwearCuffsDesk"")",MiniGameParameterClear(),,,,SidneyEnterFinger,,
Intro1,Blackmail1,,(Sidney enters the detention room and smirks seeing you.),"LogQuery(""Sidney"", ""BlackmailUnderwearCuffsDesk"")",,,,,SidneyEnterSmirk,,
Intro2,,,Leave me alone!  I don't want to talk.,,,,,,,,
Intro2,Intro3,Good morning sunshine!,Fuck you PlayerName.,,,-1,,,,,
Intro2,Intro3,I don't care.  You will talk to me now.,"Ok, you want to know once again.",,DialogChangeGrades(1),,1,,SidneyEnterAngry,,
Intro2,Intro3,"Calm down, maybe I can help.",Help?  No fat chance.,,DialogChangeGrades(1),1,,,SidneyEnterAngry,,
Intro2,Class1,"Fine, you know where your desk is.",Hell yeah!  (She quickly heads to her favorite desk in the back.),,DialogChangeGrades(1),,-1,,,,
Intro3,Intro4,,"I was nagged so I fought back hard. You're alright PlayerName, I'm sure you understand.",DialogLoveGreater(-5),,,,,,,
Intro3,Intro4,,I was nagged so I fought back hard. I don't think you can understand PlayerName.,"DialogLoveBetween(-14, -6)",,,,,,,
Intro3,Intro4,,I was nagged so I fought back hard. An idiot like you cannot understand.,DialogLoveLower(-15),,,,,,,
Intro4,Intro5,,It was self-defense.  No need to send me to the corner again.,"LogQuery(""Sidney"", ""TrainingCorner"")",,,,,SidneyEnter,,
Intro4,Intro5,,It was self-defense.  The fucking law is on my side.,"!LogQuery(""Sidney"", ""TrainingCorner"")",,,,,SidneyEnterAngry,,
Intro5,,,I don't give a shit.  I stand my ground.,,,,,,,,
Intro5,Intro6,Standing your ground is important.,Fuck yeah!  Now you're talking.,,DialogChangeGrades(1),1,1,,SidneyEnterSmirk,,
Intro5,Intro6,You should not fight back.,(She rolls her eyes up.)  You're a carpet.,,DialogChangeGrades(1),-1,-1,,,,
Intro5,Intro6,I can't judge.  I wasn't there.,"I know, there's no need to remind me.",,,,,,,,
Intro5,Intro6,Fighting is rarely the best solution.,(She shrugs and sighs.),,DialogChangeGrades(1),,,,,,
Intro5,Intro6,I don't give a shit either.,"Fine, we can end this talk then.",,DialogChangeGrades(1),1,,,,,
Intro6,Class1,,"As usual, I'll crash in the back row.  (She heads to her favorite desk in the back.)",,,,,,,,
Class1,Class2,,,,,,,,TeacherClassroom,,
Class2,,,(The classroom is empty except for Sidney sitting in the back row.),,,,,Teacher,TeacherClassroom,,
Class2,Class2,(Wait patiently.),(You look around and wait for something to happen.),,Wait(),,,,TeacherClassroom,Clock,
Class2,Class2,(Play a game on your phone.),(You play a puzzle game on your phone as the clock ticks.  Sidney notices it and laughs sarcastically.),"!LogQuery(""Evelyn"", ""PhoneControl"")",PlayPhone(),,,,TeacherClassroomPhone,Clock,
Class2,Class2,(Play a game on your phone.),"(A padlock appears on your phone, you can read: Games blocked by your phone administrator)","LogQuery(""Evelyn"", ""PhoneControl"")",,,,,TeacherClassroomPhone,Clock,
Class2,BackRow1,(Check on Sidney.),(You go to the back row to check on her.),,,,,,TeacherClassroom,,
Class2,ClassCrop1,SecretDialog,,"!InventoryAvailable(""Crop"")",,400,500,400,300,,
Class2,ClassNoCrop1,SecretDialog,,"InventoryAvailable(""Crop"")",,400,500,400,300,,
ClassCrop1,ClassCrop2,,,,,,,,TeacherDeskCrop,,
ClassCrop2,,,(There's a leather crop inside the teacher's desk.),,,,,,TeacherDeskCrop,,
ClassCrop2,ClassNoCrop2,(Take the leather crop.),(You take the leather crop and keep it for yourself.),,"InventoryAdd(""Crop"")",,,,TeacherDeskEmpty,,
ClassCrop2,Class2,(Leave it there.),(You leave the crop in the desk and return to the classroom.),,,,,Teacher,TeacherClassroom,,
ClassNoCrop1,ClassNoCrop2,,,,,,,,TeacherDeskEmpty,,
ClassNoCrop2,,,(The teacher's desk is empty.),,,,,,TeacherDeskEmpty,,
ClassNoCrop2,ClassCrop2,(Leave the crop in it.),(You put back the leather crop inside the desk.),,"InventoryDelete(""Crop"")",,,,TeacherDeskCrop,,
ClassNoCrop2,Class2,(Inspect the classroom.),(The classroom is empty except for Sidney sitting in the back row.),,,,,Teacher,TeacherClassroom,,
Blackmail1,Blackmail2,,"Well, well, well.  My fucking prey is there.",,"DialogVariableSet(""Deal"", ""0"")",,,,,,
Blackmail2,Blackmail3,,I still have the pictures you know.,,"DialogVariableSet(""Publish"", ""0"")",,,,,,
Blackmail3,,,"If I publish them, you will lose your job.",,,,,,,,
Blackmail3,Blackmail4,Please don't do that.,I'll do what I want.,,,,-1,,,,
Blackmail3,Blackmail4,I won't allow it.,Oh yeah?  (She thinks out loud.),,,-1,1,,,,
Blackmail3,Blackmail4,That's not fair.,"Life isn't fair, prey.",,,-1,-1,,,,
Blackmail3,Blackmail4,"Girl, we can make a deal.",(She thinks out loud.),,,1,1,,,,
Blackmail3,Publish1,Publish them if you want.  I can't control that.,Damn right!   I'll do it now.  (She heads back to her desk in the back.),,,,-1,,,,
Blackmail3,Publish1,I dare you to publish them.,You dare me?  I'll do it now.  (She heads back to her desk in the back.),,,,1,,,,
Publish1,Publish2,,,,,,,,SidneyBackBootsDeskPhone,,
Publish2,Publish3,,(She picks up her phone and grins at you.),,"DialogVariableSet(""Publish"", ""1"")",,,,,,
Publish3,,,You're going down!,,,,,,,,
Publish3,Publish4,I'm not scared.,(She grumbles and opens an app on her phone.),,,,1,,,,
Publish3,Blackmail4,Wait!  Let's make a deal.,(She thinks out loud.),"!DialogVariableIs(""Deal"", ""1"")",,,-1,,,,
Publish3,Blackmail6,Wait!  I'll do your homework.,(She smirks and nods.),"DialogVariableIs(""Deal"", ""1"")",,,,,,,
Publish3,Train3,InventoryDialogHandcuffs,(You grab her and swiftly put her in cuffs.)  Hey!,DialogDominationGreater(0),,,,,,,
Publish3,Publish4,InventoryDialogHandcuffs,"(You try to put her in cuffs, but she pushes you back easily.)",DialogDominationLower(-1),,,,,,,
Publish4,Publish5,,"(She plays with her phone, posting your pictures.)",,,,,,,,
Publish5,Publish6,,(She stops after a while and looks at you.),,,,,,SidneyBackLooking,,
Publish6,Publish7,,The grenade will explode soon.  Have fun!,,DialogChangeGrades(2),,,,,,
Publish7,Publish8,,(She flips you off as you return to your desk.),,,,,,,,
Publish8,Publish9,,,,,,,Teacher,TeacherClassroom,,
Publish9,Publish10,,"(Some time goes by, and a familiar voice can be heard on the speaker.)",,,,,,,,
Publish10,Publish11,,"Teacher PlayerName, you shall come to my office promptly.",,,,,Evelyn,,,
Publish11,Publish12,,(You leave detention quickly to go see the director.),,,,,Teacher,,,
Publish12,,,,,"DialogLoad(""BlackmailPublish"")",,,,,,
Blackmail4,Blackmail5,,We can bargain.  You do my homework and I won't post the picture.,,"DialogVariableSet(""Deal"", ""1"")",,,,,,
Blackmail5,,,It's a deal?,,,,,,,,
Blackmail5,Blackmail6,It's a deal!  I'll do your homework.,(She smirks and nods.),,,,,,,,
Blackmail5,Publish1,"No deal, forget it.",Forget your job then. (She heads back to her desk in the back.),"!DialogVariableIs(""Publish"", ""1"")",,,,,,,
Blackmail5,Publish4,"No deal, forget it.",Forget your job then.,"DialogVariableIs(""Publish"", ""1"")",,,,,,,
Blackmail6,Blackmail7,,"Come with me my prey, we gonna go out.  I have your work desk ready.",,,,,,,,
Blackmail7,Homework1,,(She grabs your arm and leads you out of detention.),,,,,,,,
Homework1,Homework2,,,,,,,,TeacherSidneyBasementStairsInspect,,
Homework2,Homework3,,(She unlocks the basement door and leads you down.),,,,,,,,
Homework3,Homework4,,Don't ask how I got that key.  I won't tell you anyway.,,,,,,,,
Homework4,,,"This is the basement, maybe you know about it.",,,,,,,,
Homework4,Homework5,I've never been here.,I'll show you the place then.,,,,,,,,
Homework4,Homework5,I've locked students in here before.,Shit.  (She frowns.),,,,1,,,,
Homework4,Homework5,This place is spooky.,"Well, it's not a fucking park.",,,,-1,,,,
Homework4,Homework5,InventoryDialogCrop,(You whip her butt in the dark.)  Ow!  I guess you know the place.,,,,2,,,,
Homework5,Homework6,,(She grabs you again and leads you further.),,,,,,,,
Homework6,Homework7,,,,,,,,TeacherSidneyBasementDeskInspect,,
Homework7,Homework8,,"Prey, this is your work desk.",,,,,,,,
Homework8,,,Now get naked!,,,,,,,,
Homework8,Homework9,What?  You can't be serious.,Very serious.  (She starts to strip you down.),,,,1,,,,
Homework8,Homework9,Being naked isn't part of the deal.,Read the fine prints next time.  (She starts to strip you down.),,,,-1,,,,
Homework8,Homework9,You can't do homework naked.,Fuck yeah you can.  (She starts to strip you down.),,,,,,,,
Homework8,Homework9,"Fuck you, Sidney.",(She grumbles and starts to strip you down.),,,-1,1,,,,
Homework8,Homework9,Oh my!  Alright.,(She smirks as you strip down.),,,1,-1,,,,
Homework8,Basement10,InventoryDialogHandcuffs,(You grab her and swiftly put her in cuffs.)  What the fuck?,DialogDominationGreater(0),,,,,,,
Homework8,Homework9,InventoryDialogHandcuffs,"(You try to put her in cuffs, but she wrestles and strips you down.)",DialogDominationLower(-1),,,,,,,
Homework9,Homework10,,,,,,,,TeacherNakedBasementDesk,,
Homework10,Homework11,,Fuck yeah!  Almost ready to work.  (She takes a picture of you.),,,,,,,,
Homework10,Homework11,InventoryDialogPhone,Oh!  You want the pic?  Sure.  (She sends you the photo.),,"PictureAdd(""Teacher"")",,,,,,
Homework11,Homework12,,(She looks at you carefully.)  You look really hot you know.  Sexy!,DialogLoveGreater(3),,,,,,,
Homework11,Homework12,,(She smirks.)  Gotta love teachers that are preys.,DialogLoveLower(2),,,,,,,
Homework12,Homework13,,(She grabs your bag and picks a few restraints.),,,,,,,,
Homework13,Homework14,,,,,,,,TeacherNakedBoundSidneyBasementDeskStand,,
Homework14,Homework15,,"(She cuffs and gags you securely, making a wide grin.)",,,,,,,,
Homework15,,,This is fucking awesome.  I'll do great pics.,,,,,,,,
Homework15,Homework16,(Shake your head no.),"You're not in control, I am!",,,-1,,,,,
Homework15,Homework16,(Flip her your middle finger.),You think this is going to change anything?,,,,1,,,,
Homework15,Homework16,(Nod happily.),(She laughs.)  You're such a slut.,,,1,,,,,
Homework15,Homework16,(Look at the floor.),(She spanks your butt.)  You'll get used to it.,,,,-1,,,,
Homework16,Homework17A,,,,,,,,TeacherNakedBoundSidneyBasementDeskSit,,
Homework17A,Homework17B,,(She grabs you and makes you sit on the desk.),,,,,,,,
Homework17B,Homework17C,,"Alright, it's time show me your skills, prey.",,,,,,,,
Homework17C,Homework17D,,Do you know what you fucking teach?,DialogDominationGreater(-9),,,,,,,
Homework17C,Homework17D,,I should make you my personal bitch.,DialogDominationLower(-10),,,,,,,
Homework17D,Homework18,,,,,,,,TeacherNakedBoundBasementDeskStare,,
Homework18,Homework19,,(She puts her homework in front of you.),,,,,,,,
Homework19,Homework20,,(She takes many pictures of you while laughing.)  Say cheese!,,"LogAdd(""Sidney"", ""BlackmailNakedBoundBasementDesk"")",,,,,,
Homework19,Homework20,InventoryDialogPhone,(She smirks and send you the picture.),,"PictureAdd(""Teacher"")",,,,,,
Homework20,,,(Will you do her homework?),,,,,,,,
Homework20,Homework21,(Do her homework perfectly.),(She grins as you do her homework perfectly.)  Great!  You'll be my homework slave.,,DialogChangeGrades(4),2,-2,,TeacherNakedBoundBasementDeskWork,,
Homework20,Homework21,(Do her homework normally.),(She smiles as you do her homework.)  Nice!  You'll be my homework slave.,,DialogChangeGrades(2),1,-1,,TeacherNakedBoundBasementDeskWork,,
Homework20,Homework21,(Botch her homework.),(She stares as you botch her homework.)  That's the best you can do?,,,,,,TeacherNakedBoundBasementDeskWork,,
Homework20,Homework21,(Do everything wrong.),(She gets confused by your work.)  Shit!  This is too complicated.,,DialogChangeGrades(-4),-1,1,,TeacherNakedBoundBasementDeskWork,,
Homework20,Homework21,(Don't do anything.),(She gets angry as you refuse to work.)  Fuck you!  I'll do it myself.,,DialogChangeGrades(2),-2,2,,,,
Homework20,HomeworkTouch1,(Start to touch yourself.),(Her eyes widen as you lower your hands.),,DialogChangeGrades(2),1,-1,,,,
Homework21,Homework22,,(She takes a few more pictures.)  These pics will be very useful.,,,,,,,,
Homework21,Homework22,InventoryDialogPhone,(She laughs a takes an extra picture with your own phone.),,"PictureAdd(""Teacher"")",,,,,,
Homework22,Homework23,,"That's enough!  I want out, time to smoke a big one.",,,,,,,,
Homework23,Homework24,,,,,,,,TeacherNakedBasementDesk,,
Homework24,Homework25,,"(She releases you.)  Remember, I have all the pictures.",,,,,,,,
Homework25,,,"You will be my prey forever, my homework slave.",,,,,,,,
Homework25,Homework26,This is so humiliating.,(She laughs.)  It's not about to get better.,,,,-1,,,,
Homework25,Homework26,You'll pay for that.,(She frowns.)  These pics are saying you gonna pay.,,,-1,1,,,,
Homework25,Homework26,Yes Miss.  My pleasure.,(She smirks.)  You're the perfect prey.,,,1,-1,,,,
Homework25,Homework26,It's the last time I do that for you.,(She gets cocky.)  We'll see about that.,,,,1,,,,
Homework26,Homework27,,"Now get lost!  Later, sucker!  (She heads off.)",,,,,,,,
Homework27,Homework28,,,,,,,None,TeacherNakedBasementDesk,,
Homework28,Homework29,,"(Sidney leaves you alone, naked in the basement.)",,,,,,,,
Homework29,Homework30,,(You pick up your restraints and dress back up before returning to detention.),,,,,,,,
Homework30,Homework31,,(You arrive in class right before the bell rings.),,,,,,TeacherClassroom,,
Homework31,,,,,Wait(10),,,,,,
HomeworkTouch1,HomeworkTouch2,,,,,,,,TeacherNakedBoundBasementDeskMasturbate,,
HomeworkTouch2,HomeworkTouch3,,You're fucking masturbating?  Now?  What a slut!,,,,,,,,
HomeworkTouch3,HomeworkTouch4,,(She picks up her phone and starts to film you.),,,,,,,,
HomeworkTouch3,HomeworkTouch4,InventoryDialogPhone,(She quickly shares a picture with you.),,"PictureAdd(""Teacher"")",,,,,,
HomeworkTouch4,HomeworkTouch5,,Hell yeah!  This is gold!  (She enjoys filming you.),,,,,,,,
HomeworkTouch5,,,"Go ahead, cunt!  Cum!",,,,,,,,
HomeworkTouch5,HomeworkTouch6,(Get a strong orgasm.),(You get a shattering orgasm as she films every second.),,,2,,,TeacherNakedBoundBasementDeskMasturbateOrgasm,,
HomeworkTouch5,HomeworkTouch6,(Get a small orgasm.),(You get a small orgasm as she films every second.),,,1,-1,,TeacherNakedBoundBasementDeskMasturbateOrgasm,,
HomeworkTouch5,HomeworkTouch6,(Fake an orgasm.),(You fake an orgasm as she films every second.),,,,,,TeacherNakedBoundBasementDeskMasturbateOrgasm,,
HomeworkTouch5,HomeworkTouch6,(Stop with no orgasm.),(You slow down without getting an orgasm as she films.),,,-1,1,,,,
HomeworkTouch6,HomeworkTouch7,,,,,,,,,,
HomeworkTouch7,HomeworkTouch8,,You're such a fucking slut.  I love it.,DialogLoveGreater(0),,,,,TeacherNakedBoundBasementDeskMasturbate,,
HomeworkTouch7,Homework22,,You're such a worthless slut.,DialogLoveLower(-1),,,,,TeacherNakedBoundBasementDeskMasturbate,,
HomeworkTouch7,HomeworkTouch8,InventoryDialogPhone,"(She immortalizes the moment on her phone, sending you a copy.)",DialogLoveGreater(0),"PictureAdd(""Teacher"")",,,,,,
HomeworkTouch7,Homework22,InventoryDialogPhone,"(She immortalizes the moment on her phone, sending you a copy.)",DialogLoveLower(-1),"PictureAdd(""Teacher"")",,,,,,
HomeworkTouch8,Homework22,,Maybe someday I could make some cash selling your porn.  (She shrugs.),DialogDominationGreater(-9),,,,,,,
HomeworkTouch8,SubOwn1,,I could make a fortune selling your porn.,DialogDominationLower(-10),"DialogVariableSet(""SubRoute"", ""Basement"")",,,,,,
BackRow1,BackRow2,,,,,,,Sidney,SidneyBackLooking,,
BackRow2,,,Uh?  What the hell do you want?,,,,,,,,
BackRow2,Help1,I want to help you.,Help me?  I'm a lost cause.,,,1,,,,,
BackRow2,Train1,I'm here to train you.,(She gulps.)  What the fuck?,,,-1,1,,,,
BackRow2,Class1,Nothing.  I'm checking the class.,"Get lost, loser.  (You turn around and return to your desk.)",,,,,,,,
Help1,,,"If you really want to help, do my homework.",,,,,,,,
Help1,Help2,We can do your homework together.,That sounds fucking boring.,,DialogChangeGrades(1),-1,,,,,
Help1,Help2,"Ok, I can do some homework for you.",Hell yeah!  Now you're talking.,,DialogChangeGrades(1),1,,,,,
Help1,Help2,I don't know about that.,"It sounds shitty, doesn't it?",,,,,,,,
Help1,Train1,"Instead of homework, I will train you.",(She gulps.)  What the fuck?,,,-1,1,,,,
Help1,End1,"Forget it, you cannot be helped.  (Give up.)","Yeah!  Now, get lost.  (You return to your desk.)",,DialogChangeGrades(2),-1,,,,,
Help2,Help5,,"Fine, let's open that stupid book.",DialogDominationGreater(0),,,,,,,
Help2,Help4,,"(She smirks.)  Come with me, we'll do some homework out of class.",DialogDominationLower(-1),,,,,,,
Help4,Homework1,,(She grabs your arm and leads you out of detention.),,,,,,,,
Help5,Help6,,,,,,,,SidneyReadBook,,
Help6,Help7,,(She picks up a book and starts to flip the pages.),,,,,,,,
Help7,,,(She reads a little and seems bored.)  You gonna help or not?,,,,,,,,
Help7,Help8,(Give her all the answers right away.),(She seems quite happy that you do the hard parts for her.),,DialogChangeGrades(1),2,-1,,,Clock,
Help7,Help8,"(Help her a little, but make sure she works.)","(You try your best to help her to learn, not giving the answers right away.)",,DialogChangeGrades(5),1,,,,Clock,
Help7,Help8,(Let her search on her own.),"(You stay rigorous, not giving any answer and letting her do the work.)",,DialogChangeGrades(3),,1,,,Clock,
Help7,Help8,(Give her the wrong answers.),(You trick her and give her lots of wrong answers that she memorizes.),,DialogChangeGrades(3),1,,,,Clock,
Help8,Help9,,"(She works as the clock ticks.  After a while, the bell rings.)",,,,,,,,
Help9,Help10,,"You know, you might be the best teacher in this place.  Take care.  (She leaves detention.)",DialogLoveGreater(0),,,,,SidneyBackLooking,,
Help9,Help10,,"You know, you're a good teacher when you try.  (She leaves detention.)","DialogLoveBetween(-8, -1)",,,,,SidneyBackLooking,,
Help9,Help10,,Finally!  (She picks up her stuff and leaves detention.),DialogLoveLower(-9),,,,,SidneyBackLooking,,
Help10,,,,,Wait(10),,,,,,
Train1,,,What kind of training?,,,,,,,,
Train1,Basement1,I'm taking you to the basement.,The basement?  You want to smoke one downstairs?,"LogQuery(""College"", ""BasementKey"")",,,,,,,
Train1,Train2,You'll spend more time in the corner.,Fuck you!  I'm not going in that corner again!,"LogQuery(""Sidney"", ""TrainingCorner"")",,-1,1,,,,
Train1,Train2,You'll spend some time in the corner.,Fuck you!  I'm not going in any corner!,"!LogQuery(""Sidney"", ""TrainingCorner"")",,-1,1,,,,
Train1,End1,"Forget it, you cannot be trained.  (Give up.)","Hell yeah!  Now, get lost.  (You return to your desk.)",,DialogChangeGrades(2),-1,,,,,
Train2,,,Go back to your desk or I'll beat you up.,,,,,,,,
Train2,Train3,I see that you need to be restrained.  (Cuff her.),(You grab her and swiftly put her in cuffs.)  What the fuck?,DialogDominationGreater(0),,,,,,,
Train2,Sub11,I see that you need to be restrained.  (Cuff her.),"(You try to put her in cuffs, but she wrestles and removes your outfit.)",DialogDominationLower(-1),,,,,,,
Train2,Sub11,Oh!  Should I cuff you?  (Fumble with the cuffs.),(You try to cuff her but fumble as she wrestles and removes your outfit.),,,,-2,,,,
Train2,End1,"Fine, I give up.  (Return to your desk.)",(You sigh and return to your desk.),,DialogChangeGrades(2),,,,,,
Train2,Train3,InventoryDialogHandcuffs,(You grab her and swiftly put her in cuffs.)  What the fuck?,DialogDominationGreater(0),,,,,,,
Train2,Sub11,InventoryDialogHandcuffs,"(You try to put her in cuffs, but she wrestles and removes your outfit.)",DialogDominationLower(-1),,,,,,,
Train3,Train4,,,,,,,,SidneyCuffed,,
Train4,Train5,,(She tugs against the cuffs to test them.),,,,,,,,
Train5,Dom4,,Shit!  I cannot get out!,,,,1,,,,
Train5,Dom4,InventoryDialogPhone,(She gets enraged as you save that moment on your phone.),,PictureAdd(),-1,,,,,
Basement1,Basement2,,(You grab her arm and lead her to the basement.),,,,,,,,
Basement2,Basement3,,,,,,,,TeacherSidneyBasementStairsInspect,,
Basement3,Basement4,,I haven't been here in a while.  It's fucking dark.,,,,,,,,
Basement4,,,It's where you hide the corpses?,"InventoryAvailable(""Paddle"")",,,,,,,
Basement4,,,It's where you hide the corpses?,"!InventoryAvailable(""Paddle"")",,,,,TeacherSidneyBasementGetPaddle,,
Basement4,Basement5,Don't be ridiculous.,(She shrugs and looks around.),,,,,,,,
Basement4,Basement5,There's a grave for you.,(She laughs.)  I like your humor.,,,1,1,,,,
Basement4,Basement5,Please don't joke about that.,You're such a wimp.,,,-1,-1,,,,
Basement4,BasementPaddle,SecretDialog,,"!InventoryAvailable(""Paddle"")","InventoryAdd(""Paddle"")",200,75,210,250,,
BasementPaddle,Basement5,,(She frowns as you pick the wooden paddle on the wall and put it in your bag.),,,,,,TeacherSidneyBasementGetPaddleDone,,
Basement5,Basement6,,(You take her hands and guide her to the work desk.),,,,,,,,
Basement6,Basement7,,,,,,,,TeacherSidneyBasementDeskInspect,,
Basement7,Basement8,,(She looks around and doesn't seem impressed.)  What a shitty place.,,,,,,,,
Basement8,,,Why did you bring me here?,,,,,,,,
Basement8,Basement9,It's a quiet place to work and learn.,Who said I want to work and learn?,,,,-1,,,,
Basement8,Basement9,You can study and smoke here.,"(She smiles.)  It's a good offer, but I don't want to work.",,,1,,,,,
Basement8,Basement9,Get your butt on that chair.,"Forget it, I'm not doing homework here.",,,,1,,,,
Basement8,Basement9,It's a shitty spot for a shitty student.,Fuck you PlayerName.,,,-1,,,,,
Basement9,,,Let's go back.  There's no way I'm working at that desk.,,,,,,,,
Basement9,Basement10,I see that you need to be restrained.  (Cuff her.),(You grab her and swiftly put her in cuffs.)  What the fuck?,DialogDominationGreater(0),,,,,,,
Basement9,Homework9,I see that you need to be restrained.  (Cuff her.),"(You try to put her in cuffs, but she wrestles and strips you down.)",DialogDominationLower(-1),,,,,,,
Basement9,Homework9,Oh!  Should I cuff you?  (Fumble with the cuffs.),(You try to cuff her but fumble as she wrestles and strips you down.),,,,-2,,,,
Basement9,BasementEnd1,"Fine, I give up.  (Return to class.)",(You sigh and return to class with her.),,DialogChangeGrades(2),,,,,,
Basement9,Basement10,InventoryDialogHandcuffs,(You grab her and swiftly put her in cuffs.)  What the fuck?,DialogDominationGreater(0),,,,,,,
Basement9,Homework9,InventoryDialogHandcuffs,"(You try to put her in cuffs, but she wrestles and strips you down.)",DialogDominationLower(-1),,,,,,,
Basement10,Basement11,,,,,,,,SidneyCuffedBasementDesk,,
Basement11,Basement12,,(She tugs on the cuffs to test them.)  Shit!  This is tight!,,,,,,,,
Basement12,Basement13,,"Look, teacher.  I ain't gonna study like that.",,,,1,,,,
Basement12,Basement13,InventoryDialogPhone,(She flips you her middle finger as you take a picture.),,PictureAdd(),-1,,,,,
Basement13,,,You can't make me!,,,,,,,,
Basement13,Basement14,"I'll find a way, somehow.",Ah!  You can't even convince yourself.,,DialogChangeGrades(1),,-1,,,,
Basement13,Basement14,(Grin.)  We'll see about that.,(She trembles a little.)  Damn it!,,DialogChangeGrades(1),,1,,,,
Basement13,Basement14,I don't care if you study or not.,Nobody cares about fucking college.,,DialogChangeGrades(1),-1,,,,,
Basement13,Basement14,I know you can be a good student.,"Well thanks, but you're wasting your time.",,DialogChangeGrades(1),1,,,,,
Basement14,Basement15,,(You get on the desk to link her cuffs to the ceiling.),,,,,,,,
Basement15,Basement16,,,,,,,,SidneyCuffedStrapadoBasementDesk,,
Basement16,Basement17,,(She struggles against the cuffs and hurts herself.),,"LogAdd(""Sidney"", ""CuffedStrapadoBasement"")",,,,,,
Basement17,Basement18,,Damn!  PlayerName!  This is fucking painful!,,,,,,,,
Basement17,Basement18,InventoryDialogPhone,(She tugs on the chain and doesn't notice that you take a picture.),,PictureAdd(),,,,,,
Basement18,,,What do you want?,,,,,,,,
Basement18,Basement19,I want you to suffer.  (Strip her.),(She gets mad as you remove her skirt and undies.),,,-1,,,,,
Basement18,Basement19,I'm teaching you a lesson.  (Strip her.),(She bows her head as you remove her skirt and undies.),,,,1,,,,
Basement18,Basement19,I want to see your cute butt.  (Strip her.),(She blushes as you remove her skirt and undies.),,,1,,,,,
Basement18,Basement19,(Blush and strip her.),(You shyly remove her skirt and undies.),,,,-1,,,,
Basement18,BasementEnd1,I guess that's enough.  (Release her.),(You release her and return to class with her.),,,,-1,,,,
Basement19,Basement20,,,,,,,,SidneyStripCuffedStrapadoBasementDesk,,
Basement20,Basement21,,(She gets nervous.)  Ya fucking perv!,,,,,,,,
Basement21,Basement22,,This is going too far.,,,,,,,,
Basement21,Basement22,InventoryDialogPhone,(She blushes red as you capture the moment on your phone.),,PictureAdd(),,1,,,,
Basement22,,,Let me go!,,,,,,,,
Basement22,BasementSpank1,(Spank her with a paddle.),(You pick up the old wooden paddle and get ready to spank her.),"InventoryAvailable(""Paddle"")",,,,,,,
Basement22,BasementTickle1,(Tickle her.),"(You get behind her, getting ready to tickle.)",,,,,,,,
Basement22,BasementFinger1,(Finger her.),"(You slowly get behind her, getting ready to masturbate her.)",,,,,,,,
Basement22,BasementEnd1,Fine!  (Release her.),(You release her and return to class together.),,,,-1,,,,
Basement22,BasementSpank1,InventoryDialogPaddle,(You pick up the old wooden paddle and get ready to spank her.),,,,,,,,
BasementSpank1,BasementSpank2,,,,,,,,SidneyStripCuffedStrapadoBasementDeskSpankReady,,
BasementSpank2,BasementSpank3,,What the fuck?  You can't use that!,,,,,,,,
BasementSpank3,BasementSpank4,,(She grumbles as you aim for her butt.),,,,,,,,
BasementSpank4,BasementSpank5,,,,"MiniGameStart(""Spanking"", ""SidneyStrapadoBasement"")",,,,,,
BasementSpank5,BasementSpank6,,Ah!  That was nothing!  You're pathetic!,"MiniGameResultBetween(0, 24)",,-2,-3,,,,
BasementSpank5,BasementSpank6,,(She laughs.)  That's the best you can do?,"MiniGameResultBetween(25, 49)",,-1,-1,,,,
BasementSpank5,BasementSpank6,,(She seems in pain.)  Using a weapon is unfair!,"MiniGameResultBetween(50, 74)",,,1,,,,
BasementSpank5,BasementSpank6,,(She whimpers and calms down.)  Enough!  I get it!,"MiniGameResultBetween(75, 99)",,1,2,,,,
BasementSpank5,BasementSpank6,,"(She whimpers and bows her head.)  I'm sorry Miss, I'll be good.","MiniGameResultBetween(100, 100)",,2,3,,,,
BasementSpank6,BasementRelease1,,At least no loser was around to see that.,,,,,,,,
BasementTickle1,BasementTickle2,,,,,,,,SidneyStripCuffedStrapadoBasementDeskTickleReady,,
BasementTickle2,BasementTickle3,,What the hell do you want?  I'm not ticklish.,,,-1,-1,,,,
BasementTickle3,,,It won't work on me.,,,,,,,,
BasementTickle3,BasementTickle4,(Tickle her without mercy.),(You work hard but she barely chuckles.)  Nice try!,,,-1,1,,SidneyStripCuffedStrapadoBasementDeskTickleProcess,,
BasementTickle3,BasementTickle4,(Tickle her lightly.),"(You tickle her a little, but it doesn't do much.)  That's it?",,,-1,-1,,SidneyStripCuffedStrapadoBasementDeskTickleProcess,,
BasementTickle3,BasementTickle4,(Mostly caress her.),"(You tickle a little but mostly caress her.)  Mmmh, well that's ok.",,,1,1,,SidneyStripCuffedStrapadoBasementDeskTickleProcess,,
BasementTickle3,BasementTickle4,(Give up.),(You give up and don't tickle her.)  Much better!,,,1,-1,,,,
BasementTickle4,BasementRelease1,,Who the hell loves to be tickled?,,,,,,,,
BasementFinger1,BasementFinger2,,,,,,,,SidneyStripCuffedStrapadoBasementDeskFingerReady,,
BasementFinger2,BasementFinger3,,(You fondle her breast.)  Oh shit!  What's going on?,,,,,,,,
BasementFinger3,,,You gonna fuck me?,,,,,,,,
BasementFinger3,BasementFinger4,(Finger her rapidly.),(She jumps as you start to masturbate her rapidly.),,,,1,,SidneyStripCuffedStrapadoBasementDeskFingerMasturbate,,
BasementFinger3,BasementFinger4,(Finger her slowly.),(She moans as you start to masturbate her slowly.),,,1,,,SidneyStripCuffedStrapadoBasementDeskFingerMasturbate,,
BasementFinger3,BasementRelease1,(Pull back.),"The hell?  (As you're about to enter, you pull back to watch her reaction.)",,,-1,,,,,
BasementFinger4,BasementFinger5,,Aaaah!  PlayerName!  What the fuck?,,,,,,,,
BasementFinger5,BasementFinger6,,What kind of teeeeEEEEeeeacher are you?,,,,,,,,
BasementFinger6,,,(She starts to tremble.),,,,,,,,
BasementFinger6,BasementFinger7,(Allow her to orgasm.),(You continue your work as she gets a long and powerful orgasm.)  FUCK!!!,,"LogAdd(""Sidney"", ""CuffedStrapadoBasementOrgasm"")",2,,,SidneyStripCuffedStrapadoBasementDeskFingerOrgasm,,
BasementFinger6,BasementFinger7,(Deny her orgasm.),(You tease her a lot but don't allow the final climax.),,,-1,2,,,,
BasementFinger6,BasementRelease1,(Pull back.),The hell?  (You pull back to watch her angry reaction.),,,-2,,,,,
BasementFinger7,BasementRelease1,,(She still trembles as you pull back.),,,,,,,,
BasementRelease1,BasementRelease2,,(You leave her bound for a few more minutes before releasing her.),,,,,,SidneyStripCuffedStrapadoBasementDesk,,
BasementRelease2,BasementRelease3,,,,,,,,SidneyStripBasementDesk,,
BasementRelease3,BasementRelease4,,"(She seems to be calm, in a submissive mood.)",DialogDominationGreater(10),,,,,,,
BasementRelease3,BasementEnd1,,Gimme my clothes!  (She quickly dresses back as you return to class together.),DialogDominationLower(9),,,,,,,
BasementRelease4,,,Miss PlayerName...,,,,,,,,DialogLoveGreater(0)
BasementRelease4,DomOwn1,(Propose to become her owner.),(You push her down and help her to kneel.),,"DialogVariableSet(""DomRoute"", ""Basement"")",,,,,,DialogLoveLower(-1)
BasementRelease4,BasementEnd1,(Go back to class with her.),(You help her to dress back up and return to class together.),,,,,,,,
BasementEnd1,BasementEnd2,,(You arrive in class a few minutes before the bell.),,,,,None,TeacherClassroom,,
BasementEnd2,BasementEnd3,,(There's no time left.  You start to pack your bag.),,,,,,,,
BasementEnd3,,,,,Wait(10),,,,,,
Dom4,Dom5,,,,,,,,SidneyCuffedCornerStand,,
Dom5,Dom6,,(You guide her to the class corner as she grumbles.),,,,,,,,
Dom6,Dom7,InventoryDialogPhone,(She doesn't seem to appreciate the picture you're taking.),,PictureAdd(),,,,,,
Dom6,Dom7,,"Each time you misbehave, there will be consequences.",,"MiniGameParameterSet(""InventoryHandcuffs"", ""Wrist"", ""true"")",,,Teacher,,,
Dom7,Dom8,,Some time out in the corner will give you time to reflect on your choices.,,,,,,,,
Dom8,Dom9,,"Get on your knees, young lady.",,"MiniGameParameterSet(""InventoryHandcuffs"", ""Ankle"", """")",,,,,,
Dom9,Dom10,,,,"LogAdd(""Sidney"", ""TrainingCorner"")",,,Sidney,SidneyCuffedCornerKneel,,
Dom10,Dom11,,(She kneels in the corner and stares at you.),,,,,,,,
Dom10,Dom11,InventoryDialogPhone,(You snap a picture of her while she's kneeling in the corner.),,"PictureAdd(""Sidney"")",,,,,,
Dom11,Dom12,,What will you do now?,,,,,,,,
Dom12,Dom13,,,,"MiniGameStart(""FreeBondage"", ""SidneyKneelCorner"", ""SidneyKneelCorner"")",,,,MiniGameBackgroundFreeBondage,,
Dom13,Dom14,,(Sidney stares at you and stays silent.),,,,,,MiniGameBackgroundFreeBondage,,
Dom14,,,(Sidney stares at you and stays silent.),,,,,Sidney,MiniGameBackgroundFreeBondage,,
Dom14,Dom12,(Resume your training.),"(You step closer to her, bringing your tools.)",,,,,,,,
Dom14,DomEndRelease1,(End the training session by releasing her.),(You help her out and bring her back to her desk.),,"MiniGameFreeBondageEndResult(""Sidney"", 0)",1,,,,,
Dom14,DomEndNoRelease1,(End training by leaving her like that.),"(You end your training, leaving her grounded and whimpering in the corner for the whole class.)",,"MiniGameFreeBondageEndResult(""Sidney"", -1)",-1,2,,,Clock,
Dom14,DomEndNoRelease1,(End training by playing rock and metal music.),"(You end your training, leaving her grounded in the corner.  You put her playlist to ease the punishment.)","MiniGameParameterGetBool(""InventoryHeadset"", ""Head"")","MiniGameFreeBondageEndResult(""Sidney"", -3)",1,1,,,Clock,
Dom14,DomEndNoRelease1,(End training by playing classical music.),"(You end your training, leaving her grounded in the corner.  You put some classical music to make it worse.)","MiniGameParameterGetBool(""InventoryHeadset"", ""Head"")","MiniGameFreeBondageEndResult(""Sidney"", 1)",-2,1,,,Clock,
Dom14,DomEndNoRelease1,(End training by playing a school audiobook.),"(You end your training, leaving her grounded in the corner.  You put on one of her class audiobooks.)","MiniGameParameterGetBool(""InventoryHeadset"", ""Head"")","MiniGameFreeBondageEndResult(""Sidney"", 3)",-1,1,,,Clock,
Dom14,DomOwn1,(End training and try to make her submit to you.),(You release her and start to pet her head softly.),DialogDominationGreater(10),"DialogVariableSet(""DomRoute"", ""Class"")",,,,,,
Dom14,DomEnd3,(Return to your desk.),,,,,,,,,
DomEnd3,DomEnd4,,(The classroom is empty except for Sidney kneeling in the corner.),,,,,Teacher,TeacherClassroom,,
DomEnd4,DomEnd4,(Wait patiently.),(You look around and wait for something to happen.),,Wait(),,,,TeacherClassroom,Clock,
DomEnd4,DomEnd4,(Play a game on your phone.),(You play a puzzle game on your phone as the clock ticks.  Sidney notices it and rolls her eyes up.),"!LogQuery(""Evelyn"", ""PhoneControl"")",PlayPhone(),,,,TeacherClassroomPhone,Clock,
DomEnd4,DomEnd4,(Play a game on your phone.),"(A padlock appears on your phone, you can read: Games blocked by your phone administrator)","LogQuery(""Evelyn"", ""PhoneControl"")",,,,,TeacherClassroomPhone,Clock,
DomEnd4,Dom14,(Check on Sidney.),(You head back to the class corner.),,,,,,TeacherClassroom,,
DomEnd4,DomEndCrop1,SecretDialog,,"!InventoryAvailable(""Crop"")",,400,500,400,300,,
DomEnd4,DomEndNoCrop1,SecretDialog,,"InventoryAvailable(""Crop"")",,400,500,400,300,,
DomEndCrop1,DomEndCrop2,,,,,,,,TeacherDeskCrop,,
DomEndCrop2,,,(There's a leather crop inside the teacher's desk.),,,,,,TeacherDeskCrop,,
DomEndCrop2,DomEndNoCrop2,(Take the leather crop.),(You take the leather crop and keep it for yourself.),,"InventoryAdd(""Crop"")",,,,TeacherDeskEmpty,,
DomEndCrop2,DomEnd4,(Leave it there.),(You leave the crop in the desk and return to the classroom.),,,,,Teacher,TeacherClassroom,,
DomEndNoCrop1,DomEndNoCrop2,,,,,,,,TeacherDeskEmpty,,
DomEndNoCrop2,,,(The teacher's desk is empty.),,,,,,TeacherDeskEmpty,,
DomEndNoCrop2,DomEndCrop2,(Leave the crop in it.),(You put back the leather crop inside the desk.),,"InventoryDelete(""Crop"")",,,,TeacherDeskCrop,,
DomEndNoCrop2,DomEnd4,(Inspect the classroom.),(The classroom is empty except for Sidney kneeling in the corner.),,,,,Teacher,TeacherClassroom,,
DomEndRelease1,DomEndRelease2,,,"MiniGameFreeBondageResultGreater(""Stress"", 100)",,,,,SidneyBackSittingStraight,,
DomEndRelease1,DomEndRelease2,,,"!MiniGameFreeBondageResultGreater(""Stress"", 100)",,,,,SidneyBackLooking,,
DomEndRelease2,DomEndRelease3,,"(She returns to her desk, sitting straight this time.)","MiniGameFreeBondageResultGreater(""Stress"", 100)",,,,,,,
DomEndRelease2,DomEndRelease3,,"(She returns to her desk, putting her boots up once again.)","!MiniGameFreeBondageResultGreater(""Stress"", 100)",,,,,,,
DomEndRelease3,,,"What now, Teacher PlayerName?","MiniGameFreeBondageResultGreater(""Stress"", 100)",,,,,,,
DomEndRelease3,,,What now?,"!MiniGameFreeBondageResultGreater(""Stress"", 100)",,,,,,,
DomEndRelease3,DomEndRelease4,You stay quiet in the back.,(She shrugs.)  Fine!  I don't care!  Get lost!,,,-1,,,,,
DomEndRelease3,DomEndRelease4,You study in silence.,(She grumbles.)  Fine!  I'll do that if you leave me alone.  (She checks for her books and ignores you.),,DialogChangeGrades(2),-1,1,,SidneyReadBook,,
DomEndRelease3,DomEndRelease5,I'll help you to study.,"(She nods.)  Alright, let's crack these books if you want to suffer with me.",,DialogChangeGrades(4),1,-1,,SidneyReadBook,Clock,
DomEndRelease4,End1,,(You return to your desk.),,,,,,,,
DomEndRelease5,DomEndRelease5,,(You help her to study for a few hours.  Until the bell rings.),,Wait(10),,,,,,
DomEndNoRelease1,DomEndNoRelease2,,"(She still shivers from her orgasm, kneeling in the corner.)","MiniGameFreeBondageResultGreater(""Arousal"", 100)",,,,,,,
DomEndNoRelease1,DomEndNoRelease2,,"(Time goes very slowly for her, kneeling in the corner.)","!MiniGameFreeBondageResultGreater(""Arousal"", 100)",,,,,,,
DomEndNoRelease2,DomEndNoRelease3,,"(Maybe she will learn a lesson, maybe not.)",,"LogAdd(""Sidney"", ""GroundedCorner"")",,,,,,
DomEndNoRelease3,DomEndNoRelease4,,(After a while the bell rings.),,,,,,,,
DomEndNoRelease4,DomEndNoRelease4,,,,Wait(10),,,,,,
DomOwn1,DomOwn2,,,"DialogVariableIs(""DomRoute"", ""Class"")",,,,Teacher,TeacherPetSidneyKneelCorner,,
DomOwn1,DomOwn2,,,"DialogVariableIs(""DomRoute"", ""Basement"")",,,,Teacher,TeacherPetSidneyStripKneelBasementDesk,,
DomOwn2,DomOwn3,,"Sidney, to everyone else, you're a rebel, a punk, an anarchist.",,,,,,,,
DomOwn3,DomOwn4,,"But deep inside, there is something else.  I can see your true colors",,,,,,,,
DomOwn4,DomOwn5,,"In reality, you're a fragile girl.  Your tough attitude is only a mask, your armor.",,,,,,,,
DomOwn5,DomOwn6,,You need protection and comfort.  You need a firm and caring hand to guide you.,,,,,,,,
DomOwn6,DomOwn7,,"I could be that hand, Sidney.  I could be your Mentor, your Protector, your Owner.",,,,,,,,
DomOwn7,DomOwn8,,All you need to do is to submit and obey me from now on.,,,,,,,,
DomOwn8,DomOwn9,,,"DialogVariableIs(""DomRoute"", ""Class"")",,,,,SidneyKneelCornerStare,,
DomOwn8,DomOwn9,,,"DialogVariableIs(""DomRoute"", ""Basement"")",,,,,SidneyStripKneelBasementDeskStare,,
DomOwn9,DomOwn10,,Will you submit to me?,,,,,,,,
DomOwn10,DomOwn11,,(She looks up at you and thinks for a while.),,,,,Sidney,,,
DomOwn11,DomOwnAccept2,,(She takes a deep breath and nods.),DialogLoveGreater(0),,,,,,,
DomOwn11,DomOwnRefuse1,,(She sighs and shakes her head from left to right.),DialogLoveLower(-1),,,,,,,
DomOwnAccept2,DomOwnAccept3,,"Yes Miss, I accept.  I will submit.",,"LogAdd(""Sidney"", ""Dominate"")",2,4,,,,
DomOwnAccept3,DomOwnAccept4,,"I don't know how you fucking did it, but I got you under my skin.",,,,,,,,
DomOwnAccept3,DomOwnAccept4,InventoryDialogPhone,(She smiles as you capture the occasion on your phone.),,PictureAdd(),1,,,,,
DomOwnAccept4,DomOwnAccept5,,"Shit, you're so strong and caring.  You seem to understand me better than anyone.",,,,,,,,
DomOwnAccept5,DomOwnAccept6,,"Guide me Miss, I will follow you.",,,,,,,,
DomOwnAccept6,DomOwnAccept7,,,"DialogVariableIs(""DomRoute"", ""Class"")",,,,Teacher,TeacherUnderChinSidneyKneelCorner,,
DomOwnAccept6,DomOwnAccept7,,,"DialogVariableIs(""DomRoute"", ""Basement"")",,,,Teacher,TeacherUnderChinSidneyStripKneelBasementDesk,,
DomOwnAccept7,DomOwnAccept8,,There will be lots of work to straighten you up.,,,,,,,,
DomOwnAccept8,DomOwnAccept9,,"To guide you in life, I will be strict, fair and caring.",,,,,,,,
DomOwnAccept9,DomOwnAccept10,,You will have a lot less freedom but will be much happier and safer.,,,,,,,,
DomOwnAccept10,DomOwnAccept11,,Yes Miss.  I understand.,"DialogVariableIs(""DomRoute"", ""Class"")",,,,Sidney,,,
DomOwnAccept10,DomOwnAccept13,,"Yes Miss.  As your submissive, I will become a better person.","DialogVariableIs(""DomRoute"", ""Basement"")",,,,Sidney,,,
DomOwnAccept11,,,How do we begin?,"DialogVariableIs(""DomRoute"", ""Class"")",,,,,,,
DomOwnAccept11,,,(You both get back to class.)  How do we begin?,"DialogVariableIs(""DomRoute"", ""Basement"")",,,,,SidneyEnterCalm,,
DomOwnAccept11,DomOwnAccept12,"Today, you will stay quiet in the corner.","(She sighs.)  Alright Miss, if you say so.",,,-1,1,,SidneyCornerKneel,,
DomOwnAccept11,DomOwnAccept12,You will study in silence.,"(She grumbles.)  Ok, I can do that, I guess.  (She opens her book.)",,DialogChangeGrades(2),,,,SidneyReadBook,,
DomOwnAccept11,DomOwnAccept12,I'll help you to study.,"(She nods.)  Alright, thanks for suffering with me.  (She opens her book.)",,DialogChangeGrades(4),1,-1,,SidneyReadBook,,
DomOwnAccept11,DomOwnAccept12,You will spend detention bound and gagged.,What?  Really?  (Her eyes widen as you start to bind her.),,DialogChangeGrades(2),-2,2,,SidneyKneelCornerFullBondage,,
DomOwnAccept12,DomOwnAccept13,,,,,,,,,,
DomOwnAccept13,DomOwnAccept14,,(You and Sidney start a new D/s journey together.),,,,,,,,
DomOwnAccept14,DomOwnAccept15,,(It might take lots of effort and time to tame her.),"DialogVariableIs(""DomRoute"", ""Class"")",,,,,,,
DomOwnAccept14,DomOwnAccept15,,(It might take lots of effort and time to tame her.),"DialogVariableIs(""DomRoute"", ""Basement"")",,,,,SidneyStripKneelBasementDeskStare,,
DomOwnAccept15,DomOwnAccept16,,"(You take some time to study her, to analyze how she submits.)",,,,,,,,
DomOwnAccept15,DomOwnAccept16,InventoryDialogPhone,(You capture the moment on your phone.),,PictureAdd(),,,,,,
DomOwnAccept16,DomOwnAccept17,,"(After a while, the bell rings.)","DialogVariableIs(""DomRoute"", ""Class"")",,,,,,,
DomOwnAccept16,DomOwnAccept17,,(You return together to class as the bell rings.),"DialogVariableIs(""DomRoute"", ""Basement"")",,,,,,,
DomOwnAccept17,,,,,Wait(10),,,,,,
DomOwnRefuse1,DomOwnRefuse2,,"Look, PlayerName.  I respect you, but you're a teacher.",,"LogAdd(""Sidney"", ""DominateRefuse"")",-1,-2,Sidney,,,
DomOwnRefuse2,DomOwnRefuse3,,Teachers are my enemies.  I don't surrender to the fucking enemy.,,,,,,,,
DomOwnRefuse3,DomEndRelease1,,"I'm no slave, and certainly not to you.  (She starts to get up.)","DialogVariableIs(""DomRoute"", ""Class"")",,,,,,,
DomOwnRefuse3,BasementEnd1,,"I'm no slave, and certainly not to you.  (She dresses back up as you return to class.)","DialogVariableIs(""DomRoute"", ""Basement"")",,,,,,,
Sub11,Sub12,,,,,,,,TeacherBackKneelUnderwear,,
Sub12,Sub13,,(She forces you to kneel and starts to search in your stuff.),,,,,,,,
Sub12,Sub13,InventoryDialogPhone,"(You try to grab your phone, but she picks it first and takes a picture.)  So fucking eager!",,"PictureAdd(""Teacher"")",,,,,,
Sub13,Sub14,,"Today, you will be my fucking prey.",,,,,,,,
Sub14,Sub15,,(She picks up your cuffs and gags.)  Good tools for you.,,,,,,,,
Sub15,Sub16,,Prey!  It's time to set up your blackmail.  (She comes closer.),,,,,,,,
Sub16,Sub17,,,,,,,,TeacherBackKneelCuffsUnderwear,,
Sub16,Sub17,InventoryDialogPhone,"(She grins and takes a picture with her phone.)  Don't worry, you'll get a copy.",,"PictureAdd(""Teacher"")",,,,,,
Sub17,,,How does it feel?  Like shit?,,,,,,,,
Sub17,Sub18,I can take any shit.,Oh yeah?  Well take this then.  (She grabs a panel gag.),,,1,1,,,,
Sub17,Sub18,This is really embarrassing.,"Prey, it's only the beginning.  (She grabs a panel gag.)",,,-1,-1,,,,
Sub17,Sub18,(Stay silent.),"Fine, don't answer.  (She grabs a panel gag.)",,,,,,,,
Sub18,Sub19,,,,,,,,TeacherBackKneelCuffsPanelGagUnderwear,,
Sub18,Sub19,InventoryDialogPhone,(She laughs and uses your phone to immortalize this moment.),,"PictureAdd(""Teacher"")",,,,,,
Sub19,Sub20,,Get on that fucking desk!,,,,,,,,
Sub20,Sub21,,(She grabs you delicately to lay you on the desk.),DialogLoveGreater(-5),,,,,,,
Sub20,Sub21,,(She grabs you to put you on the desk.),"DialogLoveBetween(-14, -6)",,,,,,,
Sub20,Sub21,,(She grabs your arms violently to shove you on the desk.),DialogLoveLower(-15),,,,,,,
Sub21,Sub22,,,,"LogAdd(""Sidney"", ""BlackmailUnderwearCuffsDesk"")",,,,TeacherBackLayDeskCuffsPanelGagUnderwear,,
Sub22,Sub23,,"Now open these legs, little prey.",,,,,,,,
Sub22,Sub23,InventoryDialogPhone,"(You try to grab your phone but she's quicker, snapping a picture of you.)",,"PictureAdd(""Teacher"")",,,,,,
Sub23,Sub24,,(She opens your legs to cuff them.),,,,,,,,
Sub24,Sub25,,,,,,,,TeacherBackLaySpreadDeskCuffsPanelGagUnderwear1,,
Sub25,Sub26,,(She smirks as you're bound to the desk.),,,,,,,,
Sub26,Sub27,,Have you been blackmailed before?,,,,,,,,
Sub26,Sub27,InventoryDialogPhone,(She spanks your butt and prepares a spicy image for you.),,"PictureAdd(""Teacher"")",,,,,,
Sub27,Sub28,,(She picks up her phone and takes many pictures of you.),,,,,,,,
Sub28,Sub29,,,,,,,,TeacherBackLaySpreadDeskCuffsPanelGagUnderwear2,,
Sub29,Sub30,,"It's easy, you work for me, and your pictures are not published.",,,,,,,,
Sub29,Sub30,InventoryDialogPhone,(She zooms on you for an extra close picture.),,"PictureAdd(""Teacher"")",,,,,,
Sub30,,,Is that clear?  Prey?,,,,,,,,
Sub30,Sub31,(Stay silent.),It better be clear.,,,,,,,,
Sub30,Sub31,(Nod slowly.),(She smirks.)  We understand each other.,,,,-1,,,,
Sub30,Sub31,(Tug on the cuffs and stare at her.),(She spanks your butt.)  A prey doesn't escape.,,,,1,,,,
Sub31,Sub32,,You will have lots of fucking work to do.,,,,,,,,
Sub32,Sub33,,,,,,,,TeacherBackLaySpreadDeskCuffsPanelGagUnderwear3,,
Sub33,Sub34,,A few more pictures and you're good to go.,,,,,,,,
Sub34,Sub35,,(She takes more pictures and laughs out loud.),,,,,,,,
Sub34,Sub35,InventoryDialogPhone,(She laughs and takes an extra picture of your butt for you.),,"PictureAdd(""Teacher"")",,,,,,
Sub35,Sub36,,(She gets the keys to unlock you.),DialogLoveLower(-1),,,,,,,
Sub35,SubLove1,,(She gets closer to caress your butt.),DialogLoveGreater(0),,,,,,,
SubLove1,SubLove2,,,,,,,,TeacherBackLaySpreadDeskCuffsPanelGagUnderwearSidneyCaress,,
SubLove2,SubLove3,,"Shit!  I don't know why, but you're hot like that.",,,,,,,,
SubLove3,,,Are you...  are you also excited?  Aroused?,,,,,,,,
SubLove3,SubLove4,(Nod yes.),(She smiles and gets closer.),,,1,,,,,
SubLove3,Sub36,(Shake your head no.),Fine!  I don't care!  I'll get you out then.  (She gets the keys to unlock you.),,,-2,,,,,
SubLove4,SubLove5,,,,,,,,TeacherBackLaySpreadDeskCuffsPanelGagUnderwearSidneyMasturbate,,
SubLove5,SubLove6,,(She starts to caress you between your legs.),,,,,,,,
SubLove6,SubLove7,,I know it's against the rules.  Fuck the system!,,,,,,,,
SubLove7,SubLove8,,(She slides two fingers under your panties and masturbates you slowly.),,"LogAdd(""Sidney"", ""FingerUnderwearCuffsDesk"")",,,,,,
SubLove8,SubLove9,,(She plays with your clitoris for a short while but quickly slides down and get inside you.),,,,,,TeacherBackLaySpreadDeskCuffsPanelGagUnderwearSidneyClose,,
SubLove9,,,"(She explores inside of you, masturbating faster and faster.)",,,,,,,,
SubLove9,SubLove10,(Get a strong and loud orgasm.),(She grins as you get a powerful orgasm on the student desk.)  You're a true slut.,,,2,,,TeacherBackLaySpreadDeskCuffsPanelGagUnderwearSidneyOrgasm,,
SubLove9,SubLove10,(Get a soft and quiet orgasm.),(She smiles as you get a soft orgasm on the student desk.)  That's fucking cute.,,,1,-1,,TeacherBackLaySpreadDeskCuffsPanelGagUnderwearSidneyOrgasm,,
SubLove9,SubLove10,(Fake a normal orgasm.),(She nods as you fake an orgasm on the student desk.)  There you go.,,,,,,TeacherBackLaySpreadDeskCuffsPanelGagUnderwearSidneyOrgasm,,
SubLove9,SubLove10,(Resist her fingers.),(She gives up as you resist her fingers.)  That's enough.,,,-1,1,,,,
SubLove10,SubLove11,,"I don't know how many fucking rules we broke, but it was worth it PlayerName.",,,,,,,,
SubLove11,SubLove12,,"Prey, we can't tell anyone.  We'll get banned.  (She slowly pulls out.)",,,,,,,,
SubLove12,Sub36,,I'll get you out now.  (She gets the keys to unlock you.),DialogDominationGreater(-9),,,,,TeacherBackLaySpreadDeskCuffsPanelGagUnderwearSidneyCaress,,
SubLove12,SubOwn1,,(She thinks out loud while massaging your butt.),DialogDominationLower(-10),"DialogVariableSet(""SubRoute"", ""Class"")",,,,TeacherBackLaySpreadDeskCuffsPanelGagUnderwearSidneyCaress,,
Sub36,Sub37,,,,,,,,TeacherBackStandUnderwear,,
Sub37,Sub38,,(You stand up as she releases you.),,,,,,,,
Sub37,Sub38,InventoryDialogPhone,(She takes your phone for one last picture.)  You sure want that blackmail.,,"PictureAdd(""Teacher"")",,,,,,
Sub38,Sub39,,Get dressed prey.  I have everything I need.,,,,,,,,
Sub39,Sub40,,Now fuck off!  You will know when I need you.,,,,,,SidneyStandBackStareTeacher,,
Sub40,End1,,(You both return to your own desk.),,,,,,,,
SubOwn1,SubOwn2,,"Prey, you know what?  I think I like you.",,,,,,,,
SubOwn2,SubOwn3,,"Even if it's forbidden, I want to fuck you, I want to own you.",,,,,,,,
SubOwn3,SubOwn4,,"Face it, you're a door carpet, a submissive, a bitch.",,,,,,,,
SubOwn4,SubOwn5,,"You need someone to hold your leash, to choke you.",,,,,,,,
SubOwn5,SubOwn6,,"If you want, you could be my private and secret bitch.",,,,,,,,
SubOwn6,SubOwn7,,I'll give you what you need: tough love and strong orgasms.,,,,,,,,
SubOwn7,,,"Nod if you accept, prey.",,,,,,,,
SubOwn7,SubOwn8,(Nod and submit to her.),(She spanks your butt and pulls you back up.),"DialogVariableIs(""SubRoute"", ""Class"")","LogAdd(""Sidney"", ""Submit"")",2,-4,,,,
SubOwn7,SubOwn8,(Nod and submit to her.),(She grins and walks behind you.),"DialogVariableIs(""SubRoute"", ""Basement"")","LogAdd(""Sidney"", ""Submit"")",2,-4,,,,
SubOwn7,Sub36,(Shake your head no.),(She gets annoyed as you refuse.)  Fine!  I don't care!,"DialogVariableIs(""SubRoute"", ""Class"")","LogAdd(""Sidney"", ""SubmitRefuse"")",-2,4,,,,
SubOwn7,Homework22,(Shake your head no.),(She gets annoyed as you refuse.)  Fine!  I don't care!,"DialogVariableIs(""SubRoute"", ""Basement"")","LogAdd(""Sidney"", ""SubmitRefuse"")",-2,4,,,,
SubOwn8,SubOwn9,,,"DialogVariableIs(""SubRoute"", ""Class"")",,,,,TeacherSpreadDeskCuffsPanelGagUnderwearSidneyChoke,,
SubOwn8,SubOwn9,,,"DialogVariableIs(""SubRoute"", ""Basement"")",,,,,SidneyTeacherNakedBoundBasementDeskChoke,,
SubOwn9,SubOwn10,,(She slowly wraps her hands around your neck.),,,,,,,,
SubOwn10,SubOwn11,,"From now on, you're my personal bitch.",,,,,,,,
SubOwn11,SubOwn12,,"When I tell you to bark, you fucking bark.",,,,,,,,
SubOwn12,SubOwn13,,"When I tell you to strip, you fucking strip.",,,,,,,,
SubOwn13,SubOwn14,,"When I tell you to cum, you fucking cum.",,,,,,,,
SubOwn14,SubOwn15,,I will take all the images and all the videos I want.  You will be my porn star.,,,,,,,,
SubOwn15,SubOwn16,,,"DialogVariableIs(""SubRoute"", ""Class"")",,,,,TeacherSpreadDeskCuffsPanelGagUnderwearSidneyChokeZoom,,
SubOwn15,SubOwn16,,,"DialogVariableIs(""SubRoute"", ""Basement"")",,,,,SidneyTeacherNakedBoundBasementDeskChokeZoom,,
SubOwn16,,,"(She tightens her grip on your neck.)  Understood, bitch?",,,,,,,,
SubOwn16,SubOwn17,(Nod slowly and moan.),(She smirks at your reaction.)  Remember that I control your life.,,,1,-1,,,,
SubOwn16,SubOwn17,(Nod and gasp for air.),(She releases her grip.)  Remember that I control your life.,,,1,1,,,,
SubOwn16,SubOwn17,(Start to panic.),(She releases her grip.)  Remember that you're fucking helpless.,,,-1,-1,,,,
SubOwn16,SubOwn17,(Shake your head from left to right.),(She sighs.)  You will understand soon enough.,,,-1,1,,,,
SubOwn17,SubOwn18,,"That's enough for now, my teacher bitch.  Remember who's owning you.",,,,,,,,
SubOwn18,Sub36,,We will have more fun later.  Much more fun.,"DialogVariableIs(""SubRoute"", ""Class"")",,,,,,,
SubOwn18,Homework22,,We will have more fun later.  Much more fun.,"DialogVariableIs(""SubRoute"", ""Basement"")",,,,,,,
End1,End2,,(The classroom is empty except for Sidney sitting in the back row.),,,,,Teacher,TeacherClassroom,,
End2,End2,(Wait patiently.),(You look around and wait for something to happen.),,Wait(),,,,TeacherClassroom,Clock,
End2,End2,(Play a game on your phone.),(You play a puzzle game on your phone as the clock ticks.  Sidney notices it and laughs sarcastically.),"!LogQuery(""Evelyn"", ""PhoneControl"")",PlayPhone(),,,,TeacherClassroomPhone,Clock,
End2,End2,(Play a game on your phone.),"(A padlock appears on your phone, you can read: Games blocked by your phone administrator)","LogQuery(""Evelyn"", ""PhoneControl"")",,,,,TeacherClassroomPhone,Clock,
End2,End2,(Check on Sidney.),(Sidney makes a rude gesture to you.   She wants to be alone.),,,,,,TeacherClassroom,,
End2,EndCrop1,SecretDialog,,"!InventoryAvailable(""Crop"")",,400,500,400,300,,
End2,EndNoCrop1,SecretDialog,,"InventoryAvailable(""Crop"")",,400,500,400,300,,
EndCrop1,EndCrop2,,,,,,,,TeacherDeskCrop,,
EndCrop2,,,(There's a leather crop inside the teacher's desk.),,,,,,TeacherDeskCrop,,
EndCrop2,EndNoCrop2,(Take the leather crop.),(You take the leather crop and keep it for yourself.),,"InventoryAdd(""Crop"")",,,,TeacherDeskEmpty,,
EndCrop2,End2,(Leave it there.),(You leave the crop in the desk and return to the classroom.),,,,,Teacher,TeacherClassroom,,
EndNoCrop1,EndNoCrop2,,,,,,,,TeacherDeskEmpty,,
EndNoCrop2,,,(The teacher's desk is empty.),,,,,,TeacherDeskEmpty,,
EndNoCrop2,EndCrop2,(Leave the crop in it.),(You put back the leather crop inside the desk.),,"InventoryDelete(""Crop"")",,,,TeacherDeskCrop,,
EndNoCrop2,End2,(Inspect the classroom.),(The classroom is empty except for Sidney sitting in the back row.),,,,,Teacher,TeacherClassroom,,
