Chess,All,Check,Check!
Chess,All,Checkmate,Checkmate!
Chess,All,Draw,Draw
Chess,All,Stalemate,Stalemate
Chess,All,ThreefoldRepetition,Threefold Repetition
Chess,All,Victory,Victory
Chess,All,ClickEnd,Click on yourself to end.
Chess,All,Concede,Concede
Rhythm,All,Difficulty0,Difficulty: Easy
Rhythm,All,Difficulty1,Difficulty: Normal
Rhythm,All,Difficulty2,Difficulty: Hard
Rhythm,All,Difficulty3,Difficulty: Insane
Rhythm,All,Start,Press a key to start
Rhythm,All,StartMobile,Tap to start
Rhythm,All,Accuracy,Accuracy:
Rhythm,All,ClickContinue,Click on yourself to continue.
Rhythm,TeacherBasementCageCuffsSpiders,Perfect,Perfect!  The spiders run in fear.
Rhythm,TeacherBasementCageCuffsSpiders,Victory,You made it!  The spiders go away.
Rhythm,TeacherBasementCageCuffsSpiders,Defeat,"You failed, spiders are everywhere."
Rhythm,TeacherNakedRopedEvelynJogging,Perfect,Perfect!  You've done a flawless run.
Rhythm,TeacherNakedRopedEvelynJogging,Victory,You made it!  The jogging is over.
Rhythm,TeacherNakedRopedEvelynJogging,Defeat,"You failed, more training is required."
Rhythm,TeacherPonyEvelynJogging,Perfect,Perfect!  You've done a flawless pony run.
Rhythm,TeacherPonyEvelynJogging,Victory,You made it!  The pony run is over.
Rhythm,TeacherPonyEvelynJogging,Defeat,"You failed, more pony training is required."
Rhythm,TeacherNakedReversePrayerBallgagBlindfoldDungeonSybian,Perfect,Your orgasms were timed perfectly!
Rhythm,TeacherNakedReversePrayerBallgagBlindfoldDungeonSybian,Victory,Success!  You controlled your orgasms.
Rhythm,TeacherNakedReversePrayerBallgagBlindfoldDungeonSybian,Defeat,You failed to control your orgasms.
Rhythm,TeacherPuppyWalkClass,Perfect,Your puppy walk was perfect.  Good pet!
Rhythm,TeacherPuppyWalkClass,Victory,Success!  You can be a proud puppy.
Rhythm,TeacherPuppyWalkClass,Defeat,You failed the puppy walk.  Bad pet!
Spanking,All,Force,Apply the right amount of force.
Spanking,All,Outro,Final accuracy:
Spanking,All,ResultPerfect,Perfect spank.
Spanking,All,ResultGood,Good spank.
Spanking,All,ResultPassable,Passable spank.
Spanking,All,ResultClumsy,Clumsy spank.
Spanking,All,ResultFailed,Failed spank.
Spanking,BedroomMia,Title,Spanking Mia
Spanking,BedroomMia,Intro,Get ready to spank your girlfriend!
Spanking,BedroomMia,Aim,Aim carefully at your girlfriend butt.
Spanking,BossHouseEvelyn,Title,Spanking Evelyn
Spanking,BossHouseEvelyn,Intro,Get ready to spank your submissive!
Spanking,BossHouseEvelyn,Aim,Aim carefully at your submissive butt.
Spanking,BossHouseCouchEvelyn,Title,Spanking Evelyn
Spanking,BossHouseDungeonCrossWhip,Intro,Get ready to spank your slave!
Spanking,BossHouseDungeonCrossWhip,Aim,Aim carefully at your slave butt.
Spanking,BossHouseDungeonCrossWhip,Title,Spanking Evelyn
Spanking,BossHouseCouchEvelyn,Intro,Get ready to spank your slave!
Spanking,BossHouseCouchEvelyn,Aim,Aim carefully at your slave butt.
Spanking,BossOfficeEvelyn,Title,Spanking Evelyn
Spanking,BossOfficeEvelyn,Intro,Get ready to spank your boss!
Spanking,BossOfficeEvelyn,Aim,Aim carefully at your boss butt.
Spanking,BossOfficeYukiEvelyn,Title,Spanking Evelyn
Spanking,BossOfficeYukiEvelyn,Intro,You and Yuki will spank your boss!
Spanking,BossOfficeYukiEvelyn,Aim,Aim carefully at your boss butt.
Spanking,ClassSarah,Title,Spanking Sarah
Spanking,ClassSarah,Intro,Get ready to spank your student!
Spanking,ClassSarah,Aim,Aim carefully at your student butt.
Spanking,MuseumEvelynPilloryTeacherCasual,Title,Spanking Evelyn
Spanking,MuseumEvelynPilloryTeacherCasual,Intro,Get ready to spank your boss!
Spanking,MuseumEvelynPilloryTeacherCasual,Aim,Aim carefully at your boss butt.
Spanking,MuseumEvelynPilloryTeacherCollege,Title,Spanking Evelyn
Spanking,MuseumEvelynPilloryTeacherCollege,Intro,Get ready to spank your boss!
Spanking,MuseumEvelynPilloryTeacherCollege,Aim,Aim carefully at your boss butt.
Spanking,MuseumEvelynPilloryTeacherWhite,Title,Spanking Evelyn
Spanking,MuseumEvelynPilloryTeacherWhite,Intro,Get ready to spank your boss!
Spanking,MuseumEvelynPilloryTeacherWhite,Aim,Aim carefully at your boss butt.
Spanking,SidneyStrapadoBasement,Title,Spanking Sidney
Spanking,SidneyStrapadoBasement,Intro,Get ready to spank your student!
Spanking,SidneyStrapadoBasement,Aim,Aim carefully at your student butt.
