Previous,Previous
Next,Next
Picture,Pictures
Inventory,Inventory
Close,Close
MainCharacter,Main character
Age,Age:
AgeTeacher,23
AgeMia,24
AgeEvelyn,37
AgeSidney,20
AgeSarah,19
AgeAmanda,18
AgeSam,19
AgeYuki,31
AgeJane,52
AgeCharlotte,22
BirthWeekMia,6
Job,Job:
JobTeacher,Teacher
JobMia,Unemployed
JobEvelyn,Director
JobSidney,Student
JobSarah,Student
JobAmanda,Student
JobSam,Student
JobYuki,Teacher
JobJane,Maid
JobCharlotte,Barmaid
Grades,Expected grades:
Career,Expected career:
CareerSidney0,Crackhead
CareerSidney1,Junkie
CareerSidney2,Bum
CareerSidney3,Pusher
CareerSidney4,Garbage Collector
CareerSidney5,Gardener
CareerSidney6,Herbalist
CareerSidney7,Chemist
CareerSidney8,Pharmacist
CareerSidney9,Researcher
CareerSidney10,Inventor
CareerSarah0,Sexual Slave
CareerSarah1,Prostitute
CareerSarah2,Sex Cam Girl
CareerSarah3,Groupie
CareerSarah4,Porn Actress
CareerSarah5,Hairdresser
CareerSarah6,Theater Actress
CareerSarah7,Film Makeup Artist
CareerSarah8,B Movie Actress
CareerSarah9,Movie Director
CareerSarah10,Hollywood Star
CareerAmanda0,Homeless
CareerAmanda1,Fraud Victim
CareerAmanda2,Unemployed
CareerAmanda3,Cat Lady
CareerAmanda4,Failed Writer
CareerAmanda5,School Aide
CareerAmanda6,Journalist
CareerAmanda7,School Teacher
CareerAmanda8,Novelist
CareerAmanda9,School Director
CareerAmanda10,Famous Author
CareerSam0,Exiled
CareerSam1,Disgraced
CareerSam2,Disinherited
CareerSam3,Secretary
CareerSam4,Third Heir
CareerSam5,Human Ressource
CareerSam6,Second Heir
CareerSam7,Businesswoman
CareerSam8,First Heir
CareerSam9,Oligarch
CareerSam10,Mogul
InfoTeacher0,"PlayerName is studious, hard-working and can be a little anxious."
InfoTeacher1,She earned her bachelor's degree while working a full-time restaurant job.
InfoTeacher2,"After many interviews, she got her first teaching job at a college uptown."
InfoTeacher3,She's living in a small apartment downtown with her girlfriend Mia.
InfoTeacher3Single,She's living alone in an apartment downtown.  Her ex Mia moved out.
InfoMia0,Mia is easy-going and kind of lazy.  She considers herself to be a foodie.
InfoMia1,She took a few classes but never got a diploma and has been unemployed for months.
InfoMia2,Her parents are slowly giving up on her and stopped sending her money.
InfoMia3,She's living in a small apartment downtown with her girlfriend PlayerName.
InfoMia3Single,She broke up with PlayerName and did not give any news since then.
InfoMia3Dominate,She's living in a small apartment with her Dominant lover PlayerName.
InfoMia3Submit,She's living in a small apartment with her submissive lover PlayerName.
InfoEvelyn0,"Evelyn is confident, strict and well-organized.  The definition of a workaholic."
InfoEvelyn1,She's been employed by the college for years and got promoted to director.
InfoEvelyn2,Her job is to guide and train teachers.  She rules them with an iron fist.
InfoEvelyn3,She doesn't have a partner or any children.  Her career always comes first.
InfoEvelyn3Dominate,"Teacher PlayerName is her Dominant, she controls her life outside of work."
InfoEvelyn3Submit,Teacher PlayerName became her personal submissive outside of work.
InfoSidney0,"Sidney is a short-tempered, impolite and rebellious college girl."
InfoSidney1,She's older than most students because she failed many classes.
InfoSidney2,"Addicted to weed, she's been in detention more than anyone else."
InfoSidney3,She's known to pick fights with her college roommate Sarah.
InfoSidney3Dominate,She submitted to PlayerName and will need lots of training.
InfoSidney3Submit,She's blackmailing PlayerName as her own personal bitch.
InfoSarah0,"Sarah is a lighthearted, adventurous and exuberant college girl."
InfoSarah1,Her lack of focus and seriousness greatly affects her grades.
InfoSarah2,She's often in detention for talking in class or texting on her phone.
InfoSarah3,She's known to flirt a lot and was caught making up with students.
InfoSarah3Dominate,She surrendered her freedom to her Dominant teacher PlayerName.
InfoSarah3Submit,She's taken her submissive teacher PlayerName as little sister.
InfoAmanda0,"Amanda is a kind-hearted, strong-willed and studious college girl."
InfoAmanda1,"She's one of the youngest students, skipping a school year in the past."
InfoAmanda2,She works hard on her homework and get great results on her exams.
InfoAmanda3,Her very close friend Sarah is the only bad influence on her grades.
InfoSam0,"Samriddhi is a foreign student, the second daughter of a rich oligarch."
InfoSam1,She studies administration and economics to inherit her father empire.
InfoSam2,She's a good student but is known to bribe her way for better grades.
InfoSam3,"Since she's foreign and of noble descent, she doesn't have many friends."
InfoYuki0,Yuki is a lonely and clumsy teacher.  Employed by the college for seven years.
InfoYuki1,She never got promoted because of her numerous blunders and addictions.
InfoYuki2,She's a recovering alcoholic and takes lots of pills for different problems.
InfoYuki3,She dated other teachers in the past but now lives alone with her cats.
InfoJane0,"Jane is a seasoned maid, working for the Bondage Club for two decades."
InfoJane1,"She might look old and petite, but she's very talented with restraints."
InfoJane2,"In the sorority, she's often called mom, because of her protective nature."
InfoJane3,"She's not great with words or remembering names, calling everyone M'lady."
InfoCharlotte0,"Charlotte is Mia's little sister, she works in a country bar out of town."
InfoCharlotte1,"She's been unlucky in dating, getting only bad boys or one night stand."
InfoCharlotte2,She loves to party and getting drunk quickly.  She never refuses a beer.
InfoCharlotte3,"Mia and her are not very close, she mostly visit when she needs a bed."

