Week2Line0,You get some much-needed rest after your first week at the college.
Week2Line1,The weekend goes by quickly.  Another week of work is coming up.
Week2Line2,"As usual, you wake up at dawn, eat breakfast and get dressed alone."
Week2Line3,Mia mumbles in her sleep but never wakes up as you run for the city bus.
Week3Line0,You sleep soundly and rest after your second week at the college.
Week3Line1,The weekend goes by very fast.  Another week of work is coming up.
Week3Line2,"As usual, you wake up at dawn, eat breakfast and get dressed alone."
Week3Line3,Mia mumbles in her sleep but never wakes up as you run for the city bus.
Week4Line0,You cuddle and sleep with Mia after a third week of college work.
Week4Line1,The weekend goes by quickly.  Another busy week is coming up.
Week4Line2,"As usual, you wake up at dawn, eat breakfast and get dressed alone."
Week4Line3,Mia mumbles in her sleep but never wakes up as you run for the city bus.
Week5Line0,You get some rest with your girlfriend after a fourth week at college.
Week5Line1,The weekend flies by hastily.  Another hard week of work is coming up.
Week5Line2,"Once again, you wake up at dawn, eat breakfast and get dressed alone."
Week5Line3,Mia is sleeping heavily.  She never wakes up as you run for the city bus.
Week6Line0,You get some rest with your lover after a fifth week at college.
Week6Line1,The weekend goes by quickly.  Another week of work is coming up.
Week6Line2,"As usual, you wake up at dawn, eat breakfast and get dressed alone."
Week6Line3,Mia is sleeping heavily.  She never wakes up as you run for the city bus.
Week7Line0,You cuddle and sleep with Mia after a sixth week of college work.
Week7Line1,The weekend goes by quickly.  Another busy week is coming up.
Week7Line2,"As usual, you wake up at dawn, eat breakfast and get dressed alone."
Week7Line3,Mia mumbles in her sleep but never wakes up as you run for the city bus.
Week8Line0,You sleep soundly and rest after your seventh week at the college.
Week8Line1,The weekend ends way too soon.  Another week of work is coming up.
Week8Line2,"As usual, you wake up at dawn, eat breakfast and get dressed alone."
Week8Line3,Mia mumbles in her sleep but never wakes up as you run for the city bus.
SingleLine0,"You get some needed rest, laying alone in your bed."
SingleLine1,"The weekend goes by slowly, there's not much to do."
SingleLine2,"You wake up at dawn, eat breakfast and get dressed."
SingleLine3,You double lock the door and walk to take the city bus.
SubmitLine0,You sleep naked and restrained in your Dominant girlfriend's arms.
SubmitLine1,She doesn't release you until Monday morning and goes back to bed.
SubmitLine2,You eat breakfast alone and prepare extra food for when she gets up.
SubmitLine3,Mia mumbles in her sleep but never wakes up as you run for the city bus.
SubmitMiaNakedRopedLine0,Your Dominant girlfriend sleeps in tight bondage close to you.
SubmitMiaNakedRopedLine1,You release her in the morning and she quickly goes back to bed.
SubmitMiaNakedRopedLine2,You eat breakfast alone and prepare extra food for when she gets up.
SubmitMiaNakedRopedLine3,Mia mumbles in her sleep but never wakes up as you run for the city bus.
DominateLine0,Mia struggles playfully for a while before falling asleep bound and naked.
DominateLine1,You release her when you wake up.  She stretches and gets up with you.
DominateLine2,She cooks you breakfast and helps you to get dressed submissively.
DominateLine3,"She kneels naked for you as you leave for work, to catch the city bus."
DominateNormalLine0,You sleep with your submissive in your pajamas for a quiet night.
DominateNormalLine1,You both wake up early and get a quick shower together to start the day.
DominateNormalLine2,She cooks you breakfast and helps you to get dressed with a huge smile.
DominateNormalLine3,"She kneels naked for you as you leave for work, to catch the city bus."
DominateAloneLine0,You sleep alone while Mia tries to rest on the ground or on a chair.
DominateAloneLine1,You both wake up early and take turns showering to start the day.
DominateAloneLine2,She cooks you breakfast and helps you to get dressed with a long sigh.
DominateAloneLine3,"She kneels naked for you as you leave for work, to catch the city bus."
DominatePrisonerWithCharlotteLine0,The sisters struggle for a while before falling asleep in cuffs.
DominatePrisonerWithCharlotteLine1,You keep them as your private prisoners for the whole weekend.
DominatePrisonerWithCharlotteLine2,You release them Monday and they prepare breakfast for you.
DominatePrisonerWithCharlotteLine3,They both wave submissively as you go catch the city bus.
EvelynSlaveLine0,You sleep comfortably in Evelyn's bed with your slave nearby.
EvelynSlaveLine1,"You both wake up early, hoping to beat the hectic city traffic."
EvelynSlaveLine2,"She kneels for you, giving you coffee and helping you to dress up."
EvelynSlaveLine3,You unlock her collar as she dresses and gets the car for college.
EvelynSlaveChainedLine0,You sleep comfortably while Evelyn lies on the cold floor.
EvelynSlaveChainedLine1,"You wake up early to unlock her, she did not rest well."
EvelynSlaveChainedLine2,"She kneels for you, then prepares your coffee and breakfast."
EvelynSlaveChainedLine3,You unlock her collar as she dresses and gets the car for college.
EvelynMistressLine0,You sleep in tight and secure bondage in your Mistress house.
EvelynMistressLine1,She releases you so you can prepare a healthy breakfast for both.
EvelynMistressLine2,Your collar gets unlocked and stashed away before you get in her car.
EvelynMistressLine3,You notice that you can't unbuckle or open the car door by yourself.
