Entry,Thinking1,,,,,,,,TeacherThinking,
Thinking1,Thinking2,,"I'm way too early, I should have waited outside.",,,,,,,
Thinking2,Thinking3,,Time to calm down.  I'm sure the director will be in a good mood.,,,,,,,
Thinking3,Thinking4,,"Maybe I can sit here, there's not much to do but wait.",,,,,,,
Thinking4,SitWaiting1,,,,,,,,TeacherSitWaiting,
SitWaiting1,SitWaiting2,,(You try to get comfy.)  Everything will be fine.,,,,,,,
SitWaiting2,,,(What will you do while you wait?),,,,,,,
SitWaiting2,SitWaiting2,(Look at the office.),(The office is huge.  She keeps it very clean and ordered.  It reflects on her character.),,,,,,TeacherLookOffice,
SitWaiting2,Briefcase1,(Look at the briefcase.),"(There's a metal briefcase on her desk, your name is written on the side.)",,,,,,BriefcaseOutside,
SitWaiting2,SitWaiting2,(Wait patiently.),"(You stay quiet and patient, waiting for your boss.)",,"WaitAlone(""SurprisePatient1"")",,,,TeacherSitWaiting,Clock
SitWaiting2,SitWaiting3,(Play a game on your phone.),(You play a little game on your phone while you wait.),,"WaitAlone(""SurprisePhone1"")",,,,TeacherSitPhone,Clock
SitWaiting3,SitWaiting3,(Continue playing.),(You continue to play your game.  Maybe you will finally clear that level.),,"WaitAlone(""SurprisePhone1"")",,,,,Clock
SitWaiting3,SitWaiting2,(Put down the phone.),(You put down the phone.),,,,,,TeacherSitWaiting,
Briefcase1,Briefcase1B,(Open it.),,,,,,,BriefcaseInside,
Briefcase1,SitWaiting2,(Leave it alone.),(What will you do while you wait?),,,,,,TeacherSitWaiting,
Briefcase1B,Briefcase2,,"(You slowly open the briefcase.  Inside you find a few books, papers, pens and handcuffs.)",,,,,,,
Briefcase2,Briefcase2,(Check the books.),"(There's a teacher's manual, a book on student psychology and a college rulebook.)",,,,,,,
Briefcase2,Briefcase2,(Check the papers.),(You find a copy of your work contract and sheets containing student profiles.),,,,,,,
Briefcase2,Briefcase3,(Check the handcuffs.),(The steel handcuffs look quite sturdy.  They come with a double-lock mechanism for more safety.),,,,,,,
Briefcase2,SitWaiting2,(Close it and leave it alone.),(What will you do while you wait.),,,,,,TeacherSitWaiting,
Briefcase3,Briefcase3,(Play with the cuffs.),(You snap the cuffs open and closed.  They seem to work well.  You put them back.),,,,,,,
Briefcase3,Briefcase4,(Cuff yourself.),(You playfully cuff yourself in the back.),,,,,,TeacherAloneCuffsLock,
Briefcase3,Briefcase2,(Leave them inside.),"(There are a few books, papers, pens and handcuffs.)",,,,,,,
Briefcase4,Briefcase5,(Do a test struggle.),"(You struggle and test the cuffs.  After a few attempts, it seems that it won't be that easy to get out.)",,,,,,TeacherAloneCuffsLock,
Briefcase4,Briefcase5,(Try to unlock them.),(You try to unlock the cuffs behind your back but fumble with the key.  It might take a while to get out.),,,,,,TeacherAloneCuffsStruggle,
Briefcase5,Briefcase5,(Struggle for fun.),(You struggle in the cuffs for fun.  Giggling and enjoying yourself.),,"WaitAlone(""SurpriseCuffs1"")",,,,TeacherAloneCuffsLock,Clock
Briefcase5,Briefcase5,(Struggle harder.),"(You struggle hard to get out, but you're firmly locked up in steel.)",,"WaitAlone(""SurpriseCuffs1"")",,,,TeacherAloneCuffsStruggle,Clock
Briefcase5,Briefcase5,(Unlock them.),(You try to unlock the cuffs behind your back but fumble with the key.  It might take a while to get out.),,"WaitAlone(""SurpriseCuffs1"")",,,,TeacherAloneCuffsStruggle,Clock
Briefcase5,Briefcase5,(Wait patiently.),(You sigh and watch the clock in your restraints.),,"WaitAlone(""SurpriseCuffs1"")",,,,TeacherAloneCuffsWait,Clock
Briefcase5,Briefcase5,Hello?  Is there anyone around?,(Nobody answers.),,"WaitAlone(""SurpriseCuffs1"")",,,,TeacherAloneCuffsWait,Clock
SurprisePatient1,SurprisePatient1B,,,,,,,Evelyn,EvelynEnter,
SurprisePatient1B,SurprisePatient2,,(The director enters and smiles.),,,2,,,,
SurprisePatient2,,,Patience is a virtue young lady.,,,,,,,
SurprisePatient2,SurprisePatient3,Well said Director.,(She nods as you both walk to her desk.),,,1,-1,,,
SurprisePatient2,SurprisePatient3,Yep!,(She stares at you as you both walk to her desk.),,,-1,,,,
SurprisePatient2,SurprisePatient3,You're late Evelyn.,"Address me as ""Director"" young lady.  (She gets annoyed as you both get to her desk.)",,,-2,2,,,
SurprisePatient2,SurprisePatient3,(Nod slowly.),(She smirks and you both walk to her desk.),,,,-2,,,
SurprisePatient3,Intro1,,,,,,,,TeacherEvelynDesk,
SurprisePhone1,SurprisePhone1B,,,,,,,Evelyn,EvelynEnter,
SurprisePhone1B,SurprisePhone2,,(The director enters and seems annoyed.)  ,,,-2,,,,
SurprisePhone2,,,Are we paying you to play games young lady?,,,,,,,
SurprisePhone2,SurprisePhone3,I wasn't paid yet.,Do not get cheeky young lady.  We shall pay you each week.  (You both walk to her desk.),,,-1,1,,,
SurprisePhone2,SurprisePhone3,I'm sorry Director.,That's better.  (She smirks as you both walk to her desk.),,,1,-1,,,
SurprisePhone2,SurprisePhone3,There was nothing to do.,Nothing is better than wasting your brain.  (You both walk to her desk.),,,-1,,,,
SurprisePhone2,SurprisePhone3,It will not happen again.,Good.  (You both walk to her desk.),,,1,1,,,
SurprisePhone2,SurprisePhone3,I was getting my daily login gems!,I could not care less.  (She rolls her eyes up as you both walk to her desk.),,,-2,,,,
SurprisePhone3,Intro1,,,,,,,,TeacherEvelynDesk,
SurpriseCuffs1,SurpriseCuffs1B,,,,,,,Evelyn,EvelynEnter,
SurpriseCuffs1B,SurpriseCuffs2,,(The director enters and smirks.),,,,-3,,,
SurpriseCuffs2,,,Are you testing the school material young lady?,,,,,,,
SurpriseCuffs2,SurpriseCuffs3,Yes Director.,(She grins.)  Are you enjoying the restraints?,,,1,,,,
SurpriseCuffs2,SurpriseCuffs3,For quality assurance.,We only get the best equipment.  Are you enjoying the restraints?,,,,1,,,
SurpriseCuffs2,SurpriseCuffs3,I was about to get out.,Of course you were.  Are you enjoying the restraints?,,,,,,,
SurpriseCuffs2,SurpriseCuffs3,I got stuck in them.,You look quite helpless.  Are you enjoying the restraints?,,,,-1,,,
SurpriseCuffs2,SurpriseCuffs3,(Tug harder on the cuffs.),You shall not get out by struggling.  Are you enjoying the restraints?,,,-1,1,,,
SurpriseCuffs3,SurpriseCuffs4,Not really.,"As a lesson, you can keep them while we talk.  (You both walk to her desk.)",,,,1,,,
SurpriseCuffs3,SurpriseCuffs4,Of course not.,"As a lesson, you can keep them while we talk.  (You both walk to her desk.)",,,,2,,,
SurpriseCuffs3,SurpriseCuffs4,Maybe a little.,Then you shall keep them while we talk.  (You both walk to her desk.),,,,-1,,,
SurpriseCuffs3,SurpriseCuffs4,(Blush.)  Yes Director.,Then you shall keep them while we talk.  (You both walk to her desk.),,,,-2,,,
SurpriseCuffs4,Intro1,,,,,,,,TeacherCuffedEvelynDesk,
Intro1,,,"I trust you reviewed the college history, curriculum and rules.",,,,,,,
Intro1,Intro2,"Sorry, I haven't had the time yet.","You shall manage your time better, young lady.",,,-1,-1,,,
Intro1,Intro2,I've read everything twice Director.,(She smirks and then smiles.)  Good girl.,,,1,-1,,,
Intro1,Intro2,I will help to enforce these rules.,(She nods slowly.)  This is the spirit I'm looking for.,,,1,1,,,
Intro1,Intro2,I was busy.  I'll do it later.,"(She grumbles.)  You shall allocate more time for your career, young lady.",,,-1,1,,,
Intro2,Intro3,,We require excellence and discipline from our teachers.,,,,,,,
Intro3,,,We shall teach you discipline.  Your students will learn it from you.,,,,,,EvelynDesk,
Intro3,Intro4,Very well.,"As a new teacher here, you shall not give full classes yet.",,,,,,,
Intro3,Intro4,An iron fist in a velvet glove.,"(She nods and continues.)  As a new teacher here, you shall not give full classes yet.",,,,1,,,
Intro3,Intro4,(Gulp and listen.),"(She grins and continues.)  As a new teacher here, you shall not give full classes yet.",,,,-1,,,
Intro4,Intro5,,Your role this semester shall be to coach our students with difficulties.,"LogQuery(""Evelyn"", ""IntroSelfCuffed"")",,,,,TeacherCuffedEvelynDesk,
Intro4,Intro5,,Your role this semester shall be to coach our students with difficulties.,"!LogQuery(""Evelyn"", ""IntroSelfCuffed"")",,,,,TeacherEvelynDesk,
Intro5,,,You shall manage the detention room.,,,,,,,
Intro5,Intro6,I can take care of that.,This is music to my ears.,,,1,1,,,
Intro5,Intro6,Detention?  Are you sure Director?,You require more confidence than that.,,,-1,-1,,,
Intro5,Intro6,(Stay silent.),(She plays with her glasses and continues.),,,,,,,
Intro6,Intro7,,"When our students get in trouble or get expelled from a class, you shall take care of them.",,,,,,,
Intro7,CuffBriefcase1,,You shall ensure they study harder and do their homework.,"LogQuery(""Evelyn"", ""IntroSelfCuffed"")",,,,,TeacherCuffedDesk,
Intro7,NoCuffBriefcase1,,You shall ensure they study harder and do their homework.,"!LogQuery(""Evelyn"", ""IntroSelfCuffed"")",,,,,TeacherEvelynDesk,
NoCuffBriefcase1,NoCuffBriefcase2,,In the metal briefcase behind you. You shall find your teacher's tools.,,,,,,,
NoCuffBriefcase2,,,"There are books, notepads, pens and handcuffs.",,,,,,,
NoCuffBriefcase2,CuffTest1,Can I see how the handcuffs work?,"(She thinks aloud.)  Fine, I can take some time to show you the cuffs.  Go get them.",DialogLoveGreater(1),,,,,,
NoCuffBriefcase2,Grades1,Can I see how the handcuffs work?,We don't have time for that.  Use them in class if a student gives you too much trouble.,DialogLoveLower(0),,,,,,
NoCuffBriefcase2,Grades1,Handcuffs Director?,"Young lady, if a student gives you too much trouble, you can use that tool to restrain her.",,,,-1,,,
NoCuffBriefcase2,Grades1,Wait... what did you say?,"You heard me just fine.  If a student gives you too much trouble, you can use that tool to restrain her.",,,-1,1,,,
NoCuffBriefcase2,Grades1,"To enforce discipline, I'm sure.","(She nods in agreement.)  If a student gives you too much trouble, you can use that tool to restrain her.",,,1,1,,,
NoCuffBriefcase2,Grades1,(Jump out of surprise.),"Don't be surprised.  If a student gives you too much trouble, you can use that tool to restrain her.",,,,1,,,
CuffBriefcase1,CuffBriefcase2,,I see that you have already looked in your new briefcase young lady.  (She grins.),,,,,,,
CuffBriefcase2,CuffBriefcase3,,"Keep everything in it, these are your teacher's tools.  Including the handcuffs.",,,,,,,
CuffBriefcase2,CuffBriefcase3,I'll certainly use the handcuffs.,"Not on yourself anymore, I hope.  (She laughs.)",,,,1,,,
CuffBriefcase2,CuffBriefcase3,Can I use them on students?,"Of course, if they misbehave.",,,,,,,
CuffBriefcase2,CuffBriefcase3,Will you unlock me?,Later young lady.  Your lesson isn't over.,,,,-1,,,
CuffBriefcase3,CuffBriefcase4,,Have you also used the double locking mechanism?,,,,,,,
CuffBriefcase4,CuffBriefcase5,"I'm sorry, I did not.",Do not worry young lady.  Just make sure you double lock them on our students.,,,,-1,,,
CuffBriefcase4,CuffBriefcase5,What is that?,(She sighs.)  It's a mechanism that shall ensure that they won't lock tighter.,,,-1,,,,
CuffBriefcase4,CuffBriefcase5,Of course.  Safety is important.,Perfect!  Make sure you do the same when you use them on our students.,,,1,1,,,
CuffBriefcase4,CuffBriefcase5,I did Director.,Good.  Make sure you do the same when you use them on our students.,,,1,,,,
CuffBriefcase4,CuffBriefcase5,(Struggle and shrug.),"You're clueless, aren't you?  It's a mechanism that shall ensure that they won't lock tighter.",,,-1,-1,,,
CuffBriefcase5,Grades1,,These cuffs shall be a tool if a student lacks discipline or gives you trouble.,,,,,,TeacherCuffedEvelynDesk,
CuffTest1,CuffTest2,,,,,,,,TeacherPresentCuffsEvelyn,
CuffTest2,CuffTest3,,(You walk to the briefcase to fetch the cuffs and bring them back to Evelyn.),,,,,,,
CuffTest3,,,These cuffs are easy to use and come with a double locking safety mechanism.,,,,,,,
CuffTest3,CuffTestEvelyn1,Can I try them on you?,"(She sighs and nods.)  Fine, but do it quickly.  (She puts her hands in front or herself.)",DialogDominationGreater(-9),,,1,,,
CuffTest3,CuffTestTeacher1,Can I try them on you?,(She shakes her head from left to right.)  Forget it young lady.  You shall wear them.,DialogDominationLower(-10),,,1,,,
CuffTest3,CuffTestTeacher1,Can you try them on me?,(She grins and nods.)  Of course young lady.  I can arrange that.,,,,-1,,,
CuffTestEvelyn1,CuffTestEvelyn2,,,,"LogAdd(""Evelyn"", ""IntroEvelynCuffed"")",,,,EvelynCuffedFront,
CuffTestEvelyn2,CuffTestEvelyn3,,(She stares at you as you cuff her hands.),,,,,,,
CuffTestEvelyn3,,,"Well done, and what should you do next?",,,,,,,
CuffTestEvelyn3,CuffTestEvelyn4,Tighten them?,"Absolutely not.  As I told you, you require the double locking mechanism, so they don't lock tighter.",,,-1,1,,,
CuffTestEvelyn3,CuffTestEvelyn4,Grope your butt?,"(Her eyes widen.)  Young lady!  As I told you, you require the double locking mechanism, so they don't lock tighter.",,,-2,2,,,
CuffTestEvelyn3,CuffTestEvelyn4,Use the double lock?,"(She nods in agreement.)  Very good!  As I told you, you require the double locking mechanism, so they don't lock tighter.",,,1,1,,,
CuffTestEvelyn3,CuffTestEvelyn4,I don't know.,"(She sighs.)  As I told you, you require the double locking mechanism, so they don't lock tighter.",,,-1,,,,
CuffTestEvelyn4,CuffTestEvelyn5,,(She watches you carefully as you double lock the cuffs.),,,,,,,
CuffTestEvelyn5,,,There you go.  It requires to be both secure and safe for our students.,,,,,,,
CuffTestEvelyn5,CuffTestEvelyn6,Do you enjoy being cuffed?,(She stays silent for a few seconds and doesn't answer your question.),,,,2,,,
CuffTestEvelyn5,CuffTestEvelyn6,These cuffs are not suitable for you Director.,Of course they are not.,,,1,-1,,,
CuffTestEvelyn5,CuffTestEvelyn6,They look good on you.,(You can notice a little blush on her face.),,,1,1,,,
CuffTestEvelyn5,CuffTestEvelyn6,Struggle for me.,This is not a game!,,,-1,1,,,
CuffTestEvelyn5,CuffTestEvelyn7,I will unlock you now.,"Yes young lady, it's time to unlock me.",,,,,,,
CuffTestEvelyn5,CuffTestEvelyn6,InventoryDialogPhone,"(As she's busy checking her hands, you whip up your phone and snap a stealthy picture.)",,PictureAdd(),,,,,
CuffTestEvelyn6,CuffTestEvelyn7,,"It's time to unlock me, young lady.",,,,,,,
CuffTestEvelyn7,Grades1,,"(You unlock the cuffs, and she goes back to her desk.)",,,,,,TeacherEvelynDesk,
CuffTestTeacher1,CuffTestTeacher2,,,,"LogAdd(""Evelyn"", ""IntroTeacherCuffed"")",,,,TeacherCuffedFront,
CuffTestTeacher2,CuffTestTeacher3,,(She swiftly cuffs your hands.  It seems that she has lots of practice with them.),,,,,,,
CuffTestTeacher3,,,This is the first step young lady.  What should I do next?,,,,,,,
CuffTestTeacher3,CuffTestTeacher4,Tighten them?,(She shakes her head no.)  They are tight enough.  The next step is to use the double locking mechanism.,,,-1,-1,,,
CuffTestTeacher3,CuffTestTeacher4,Use the double lock?,(She smiles.)  Exactly!  The next step is to use the double locking mechanism.,,,1,1,,,
CuffTestTeacher3,CuffTestTeacher4,Spank me?,(She grumbles.)  Be serious!  The next step is to use the double locking mechanism.,,,-2,-2,,,
CuffTestTeacher3,CuffTestTeacher4,I don't know.,(She sighs.)  The next step is to use the double locking mechanism.,,,-1,,,,
CuffTestTeacher4,CuffTestTeacher5,,(She uses the double lock.),,,,,,,
CuffTestTeacher5,,,This mechanism makes it both secure and safe for our students.,,,,,,,
CuffTestTeacher5,CuffTestTeacher6,Can you unlock me?,"Of course.  It's time to unlock you, young lady.",,,,,,,
CuffTestTeacher5,CuffTestTeacher6,Our students need to be safe.,"Well said.  It's time to unlock you, young lady.",,,1,1,,,
CuffTestTeacher5,CuffTestTeacher6,These cuffs are very comfortable.,"They suit you well, but it's time to unlock you, young lady.",,,,-1,,,
CuffTestTeacher5,CuffTestTeacher6,(Struggle playfully.),"That's enough.  It's time to unlock you, young lady.",,,-1,-1,,,
CuffTestTeacher6,Grades1,,(She unlocks your cuffs and goes back to her desk.),,,,,,TeacherEvelynDesk,
Grades1,Grades2,,Our college is strict and shall not allow students to become little queens.,,,,,,,
Grades2,Grades3,,Spending some time restrained shall remind them they are not in charge.  It's a fair punishment.,,,,,,,
Grades3,Grades4,,"You shall be able to consult each student's grades, to see how they progress with time.",,,,,,EvelynDesk,
Grades4,,,Your job here is to help them learn discipline and get better grades.  Is that clear?,,,,,,,
Grades4,Grades5,(Nod timidly.),You shall be more confident to face our most troublesome ladies.,,,-1,-1,,,
Grades4,Grades5,Yes Director!,That's the spirit!  You shall require that confidence.,,,1,1,,,
Grades4,Grades5,It's clear.,(She nods.)  Our methods have been proven to work.,,,,,,,
Grades4,Grades5,Is this a good way to educate?,Our methods have been proven for decades.  Be confident.,,,-1,1,,,
Grades4,Grades5,I will respect your rules.,"Very good, and make sure they respect your rules.  Be more confident.",,,1,-1,,,
Grades5,Grades6,,Now turn around and give me your hands.  (She gets a key to unlock you.),"LogQuery(""Evelyn"", ""IntroSelfCuffed"")",,,,,TeacherCuffedEvelynDesk,
Grades5,Grades6,,(She looks at the clock.)  Our students require you now.,"!LogQuery(""Evelyn"", ""IntroSelfCuffed"")",,,,,TeacherEvelynDesk,
Grades6,,,Get moving young lady!,,,,,,TeacherEvelynDesk,
Grades6,Grades6,(Go to the detention room.),,,"SaveGameDialog(""Class"", ""Detention"")",,,,,
