End,The End
Return,Return to start screen
CreditTypePatrons,This game is made possible by our patrons:
CreditTypeFans,And a huge thank you to all the fans!
ThankYou,Thank you
DominantEvelynHouse0,You lost your teacher's job but still live in Evelyn's house.
DominantEvelynHouse1,It's an easy life with not much stress or responsibility.
DominantEvelynHouse2,You dominate her on weekends and play games all week.
DominantEvelynHouse3,Enjoy your wealthy submissive and your early retirement.
SlaveEvelynHouse0,You lost your teacher's job but still live in Evelyn's house.
SlaveEvelynHouse1,She keeps you tightly restrained or caged at all times.
SlaveEvelynHouse2,"As her slave, you get trained and live to worship her."
SlaveEvelynHouse3,"You never go out alone, a permanent slave for your owner."
EvelynKidnapDungeon0,Evelyn kidnaps you and locks you in her private dungeon.
EvelynKidnapDungeon1,She keeps you bound and chained for years of education.
EvelynKidnapDungeon2,She trains you to become better but treats you like a dog.
EvelynKidnapDungeon3,Only time shall tell if you will ever leave your prison.
EvelynSoldHarem0,"Evelyn sold you to a foreign oligarch, your new Mistress."
EvelynSoldHarem1,"You are kept locked up in a secret location, in her harem."
EvelynSoldHarem2,You fight everyday to survive and climb the slave ladder.
EvelynSoldHarem3,Only time shall tell if you will ever escape this place.
LeaveCollegeMaidWorkAlone0,You lost your teacher's job and your academic career.
LeaveCollegeMaidWorkAlone1,"To pay for rent, you found a maid job in a restaurant."
LeaveCollegeMaidWorkAlone2,"The salary isn't great, but you make lots of friends."
LeaveCollegeMaidWorkAlone3,You live a swinger's life with few responsibilities.
LeaveCollegeMaidWorkWithMia0,You lost your teacher's job and your nice career.
LeaveCollegeMaidWorkWithMia1,You and Mia find a maid job in a local restaurant.
LeaveCollegeMaidWorkWithMia2,The salary isn't great but you two survive together.
LeaveCollegeMaidWorkWithMia3,You never marry or retire because it's too expensive.
LeaveCollegeMarryMia0,You lost your teacher's job and your nice career.
LeaveCollegeMarryMia1,You and Mia find a maid job in a local restaurant.
LeaveCollegeMarryMia2,"With hard work, you earn some money to get married."
LeaveCollegeMarryMia3,You'll never be rich or famous but all you need is love.
LeaveCollegeMistressWorkMiaMaid0,You lost your teacher's job and your nice career.
LeaveCollegeMistressWorkMiaMaid1,"Later, you find a Mistress job in a local BDSM club."
LeaveCollegeMistressWorkMiaMaid2,You train your submissive Mia to become a maid.
LeaveCollegeMistressWorkMiaMaid3,You enslave her and enjoy a life of kinky pleasures.
LeaveCollegeMaidWorkMiaMistress0,You lost your teacher's job and your nice career.
LeaveCollegeMaidWorkMiaMistress1,Mia becomes a strict Mistress in a local BDSM club.
LeaveCollegeMaidWorkMiaMistress2,She enslaves you and trains you to become a maid.
LeaveCollegeMaidWorkMiaMistress3,You enjoy a life of tight bondage with your owner.
LeaveCollegeSubmitToSidney0,You lost your teacher's job and your academic career.
LeaveCollegeSubmitToSidney1,Sidney takes you under her wing and enslaves you.
LeaveCollegeSubmitToSidney2,She produces and sells videos where you get abused.
LeaveCollegeSubmitToSidney3,You get addicted to drugs as her permanent bitch.
LeaveCollegeDominateSidney0,You lost your teacher's job and your academic career.
LeaveCollegeDominateSidney1,"Later, you find a Mistress job in a local BDSM club."
LeaveCollegeDominateSidney2,"You still see Sidney, becoming her permanent owner."
LeaveCollegeDominateSidney3,"She becomes your guard dog, your training assistant."
