Normal1,The bell rings and your student leave the classroom.
Normal2,"All week long, you receive other girls in detention."
Normal3,"You help with homework, but nothing special happens."
Normal4,It gives you time to review the college history and rules.
Normal5,You pack your bags and head back home...
Cuffed1,The bell rings and your student leave you in cuffs.
Cuffed2,Another teacher finds and releases you later that day.
Cuffed3,"All week long, you receive other girls in detention."
Cuffed4,"You help with homework, but nothing special happens."
Cuffed5,You pack your bags and head back home...
