Line0,Warning
Line1, 
Line2,"This game is for adults only, no minors are allowed.  Every character in it is also an adult."
Line3,"If you are offended by mature themes such as sex, BDSM or slavery, you should leave now."
Line4,There will be situations that are inappropriate between real world teachers and students.
Line5,
Line6,"In the game, you will play as a college teacher on her first day of work in a BDSM friendly faculty."
Line7,"You can date, enslave or get dominated by every character.  Be curious and search for items."
Line8,"It's a work in progress, you can get help or post suggestions on Patreon, Discord or DeviantArt."
Line9,
Line10,"Click on ""I agree"" if you agree to everything above and want to play the game."
Refuse,I refuse
Agree,I agree
